,year,term,cluster,cluster_name,unique_cluster_name
0,2019,information,7,REAL WORLD,2019 7
1,2019,time,6,SPECIFIC LOCATION,2019 6
2,2019,globe_newswire,4,INDUSTRY LEADER,2019 4
3,2019,press_release,4,INDUSTRY LEADER,2019 4
4,2019,real_world,7,REAL WORLD,2019 7
5,2019,key_role,8,EMERGE TECHNOLOGY,2019 8
6,2019,artificial_intelligence,5,AI SYSTEM,2019 5
7,2019,machine_learning,5,AI SYSTEM,2019 5
8,2019,unblock_follow,2,INDEPENDENT RESEARCHER,2019 2
9,2019,co_founder,4,INDUSTRY LEADER,2019 4
10,2019,next_step,7,REAL WORLD,2019 7
11,2019,way,7,REAL WORLD,2019 7
12,2019,increase_demand,4,INDUSTRY LEADER,2019 4
13,2019,battery_life,7,REAL WORLD,2019 7
14,2019,important_part,8,EMERGE TECHNOLOGY,2019 8
15,2019,practice,4,INDUSTRY LEADER,2019 4
16,2019,industry_leader,4,INDUSTRY LEADER,2019 4
17,2019,side,6,SPECIFIC LOCATION,2019 6
18,2019,forecast_period,4,INDUSTRY LEADER,2019 4
19,2019,low_cost,8,EMERGE TECHNOLOGY,2019 8
20,2019,wide_variety,8,EMERGE TECHNOLOGY,2019 8
21,2019,blog_post,4,INDUSTRY LEADER,2019 4
22,2019,idea,7,REAL WORLD,2019 7
23,2019,grow_trend,8,EMERGE TECHNOLOGY,2019 8
24,2019,autonomous_vehicle,5,AI SYSTEM,2019 5
25,2019,food_industry,6,SPECIFIC LOCATION,2019 6
26,2019,emerge_technology,8,EMERGE TECHNOLOGY,2019 8
27,2019,recent_study,8,EMERGE TECHNOLOGY,2019 8
28,2019,broad_range,8,EMERGE TECHNOLOGY,2019 8
29,2019,ai_system,5,AI SYSTEM,2019 5
30,2019,people,7,REAL WORLD,2019 7
31,2019,intellectual_property,4,INDUSTRY LEADER,2019 4
32,2019,research_team,2,INDEPENDENT RESEARCHER,2019 2
33,2019,one_piece,7,REAL WORLD,2019 7
34,2019,computer_science,9,ELECTRICAL AND COMPUTER ENGINEERING,2019 9
35,2019,picture,7,REAL WORLD,2019 7
36,2019,data_scientist,5,AI SYSTEM,2019 5
37,2019,high_performance,8,EMERGE TECHNOLOGY,2019 8
38,2019,self_drive_car,5,AI SYSTEM,2019 5
39,2019,huge_amount,7,REAL WORLD,2019 7
40,2019,tech_giant,4,INDUSTRY LEADER,2019 4
41,2019,facial_recognition,7,REAL WORLD,2019 7
42,2019,deep_integration,8,EMERGE TECHNOLOGY,2019 8
43,2019,the_session,2,INDEPENDENT RESEARCHER,2019 2
44,2019,living_room,7,REAL WORLD,2019 7
45,2019,potential,8,EMERGE TECHNOLOGY,2019 8
46,2019,model,0,LARGE DATASET,2019 0
47,2019,virtual_reality,7,REAL WORLD,2019 7
48,2019,energy_consumption,8,EMERGE TECHNOLOGY,2019 8
49,2019,neural_network,0,LARGE DATASET,2019 0
50,2019,data_set,0,LARGE DATASET,2019 0
51,2019,embed_vision,8,EMERGE TECHNOLOGY,2019 8
52,2019,smart_city,8,EMERGE TECHNOLOGY,2019 8
53,2019,open_source,8,EMERGE TECHNOLOGY,2019 8
54,2019,large_market,4,INDUSTRY LEADER,2019 4
55,2019,cite_source,2,INDEPENDENT RESEARCHER,2019 2
56,2019,significant_improvement,0,LARGE DATASET,2019 0
57,2019,digital_image,0,LARGE DATASET,2019 0
58,2019,company_ability,4,INDUSTRY LEADER,2019 4
59,2019,glance,7,REAL WORLD,2019 7
60,2019,human_brain,5,AI SYSTEM,2019 5
61,2019,graduate_student,9,ELECTRICAL AND COMPUTER ENGINEERING,2019 9
62,2019,late_round,4,INDUSTRY LEADER,2019 4
63,2019,phone_interview,2,INDEPENDENT RESEARCHER,2019 2
64,2019,computer_vision_application,0,LARGE DATASET,2019 0
65,2019,driverless_car,5,AI SYSTEM,2019 5
66,2019,specific_location,6,SPECIFIC LOCATION,2019 6
67,2019,financial_term,4,INDUSTRY LEADER,2019 4
68,2019,result,0,LARGE DATASET,2019 0
69,2019,fundamental_data,6,SPECIFIC LOCATION,2019 6
70,2019,true_power,8,EMERGE TECHNOLOGY,2019 8
71,2019,future_direction,8,EMERGE TECHNOLOGY,2019 8
72,2019,microsoft_azure,8,EMERGE TECHNOLOGY,2019 8
73,2019,natural_language_processing,5,AI SYSTEM,2019 5
74,2019,almost_everything,7,REAL WORLD,2019 7
75,2019,size,6,SPECIFIC LOCATION,2019 6
76,2019,unique_challenge,8,EMERGE TECHNOLOGY,2019 8
77,2019,numerous_practical_application,6,SPECIFIC LOCATION,2019 6
78,2019,aspect,8,EMERGE TECHNOLOGY,2019 8
79,2019,voice_control,7,REAL WORLD,2019 7
80,2019,model_scaling,6,SPECIFIC LOCATION,2019 6
81,2019,large_dataset,0,LARGE DATASET,2019 0
82,2019,two_way_nature,2,INDEPENDENT RESEARCHER,2019 2
83,2019,face_id,7,REAL WORLD,2019 7
84,2019,object_detection,0,LARGE DATASET,2019 0
85,2019,company_spokesperson,4,INDUSTRY LEADER,2019 4
86,2019,edge_device,8,EMERGE TECHNOLOGY,2019 8
87,2019,independent_researcher,2,INDEPENDENT RESEARCHER,2019 2
88,2019,50_country,2,INDEPENDENT RESEARCHER,2019 2
89,2019,frame_rate,0,LARGE DATASET,2019 0
90,2019,visual_imagery,5,AI SYSTEM,2019 5
91,2019,lidar_sensor,0,LARGE DATASET,2019 0
92,2019,scientific_discovery,8,EMERGE TECHNOLOGY,2019 8
93,2019,ph.d._student,9,ELECTRICAL AND COMPUTER ENGINEERING,2019 9
94,2019,initial_launch,4,INDUSTRY LEADER,2019 4
95,2019,hard_problem,5,AI SYSTEM,2019 5
96,2019,poor_household,6,SPECIFIC LOCATION,2019 6
97,2019,traffic_signal,5,AI SYSTEM,2019 5
98,2019,fine_tuning,0,LARGE DATASET,2019 0
99,2019,individual,6,SPECIFIC LOCATION,2019 6
100,2019,corresponding_author,2,INDEPENDENT RESEARCHER,2019 2
101,2019,ibm_watson,5,AI SYSTEM,2019 5
102,2019,hybrid_image_sensor,6,SPECIFIC LOCATION,2019 6
103,2019,inert_object,3,MODERN SMARTPHONE,2019 3
104,2019,complex_task,5,AI SYSTEM,2019 5
105,2019,electrical_and_computer_engineering,9,ELECTRICAL AND COMPUTER ENGINEERING,2019 9
106,2019,imagenet_sample,1,HIGH TECH UPGRADE,2019 1
107,2019,light_wave,6,SPECIFIC LOCATION,2019 6
108,2019,untold_number,2,INDEPENDENT RESEARCHER,2019 2
109,2019,only_the_first_step,8,EMERGE TECHNOLOGY,2019 8
110,2019,economic_status,6,SPECIFIC LOCATION,2019 6
111,2019,social_media_site,2,INDEPENDENT RESEARCHER,2019 2
112,2019,360_degree_camera,0,LARGE DATASET,2019 0
113,2019,air_bubble,6,SPECIFIC LOCATION,2019 6
114,2019,video_analysis,0,LARGE DATASET,2019 0
115,2019,local_feature,0,LARGE DATASET,2019 0
116,2019,adversarial_attack,0,LARGE DATASET,2019 0
117,2019,fair_comparison,0,LARGE DATASET,2019 0
118,2019,remain_half,6,SPECIFIC LOCATION,2019 6
119,2019,hyperspectral_imaging,6,SPECIFIC LOCATION,2019 6
120,2019,now_an_assistant_professor,9,ELECTRICAL AND COMPUTER ENGINEERING,2019 9
121,2019,field_response,1,HIGH TECH UPGRADE,2019 1
122,2019,cognitive_neuroscientist,5,AI SYSTEM,2019 5
123,2019,advanced_analytic_capability,4,INDUSTRY LEADER,2019 4
124,2019,odd_angle,3,MODERN SMARTPHONE,2019 3
125,2019,bounding_box,0,LARGE DATASET,2019 0
126,2019,thin_glass,6,SPECIFIC LOCATION,2019 6
127,2019,offender,1,HIGH TECH UPGRADE,2019 1
128,2019,"1,000_image",0,LARGE DATASET,2019 0
129,2019,four_volunteer,6,SPECIFIC LOCATION,2019 6
130,2019,experimental_testing,6,SPECIFIC LOCATION,2019 6
131,2019,grid_search,0,LARGE DATASET,2019 0
132,2019,google_tensor_processing_unit,8,EMERGE TECHNOLOGY,2019 8
133,2019,numerous_other_example,3,MODERN SMARTPHONE,2019 3
134,2019,classifier,0,LARGE DATASET,2019 0
135,2019,large_collaborative_effort,2,INDEPENDENT RESEARCHER,2019 2
136,2019,biometric_lock,3,MODERN SMARTPHONE,2019 3
137,2019,40_organization,2,INDEPENDENT RESEARCHER,2019 2
138,2019,neutral_background,3,MODERN SMARTPHONE,2019 3
139,2019,handwritten_number,0,LARGE DATASET,2019 0
140,2019,typical_route,3,MODERN SMARTPHONE,2019 3
141,2019,lift_gate,6,SPECIFIC LOCATION,2019 6
142,2019,google_ai_research_division,2,INDEPENDENT RESEARCHER,2019 2
143,2019,high_tech_upgrade,1,HIGH TECH UPGRADE,2019 1
144,2019,openvino_toolkit,8,EMERGE TECHNOLOGY,2019 8
145,2019,cmu_robotics_institute,9,ELECTRICAL AND COMPUTER ENGINEERING,2019 9
146,2019,liquid_lens,6,SPECIFIC LOCATION,2019 6
147,2019,modern_smartphone,3,MODERN SMARTPHONE,2019 3
148,2019,computational_budget,0,LARGE DATASET,2019 0
149,2019,artist_trevor_paglen,2,INDEPENDENT RESEARCHER,2019 2
150,2019,crowdsourced_database,2,INDEPENDENT RESEARCHER,2019 2
151,2019,enterprise_asset_intelligence_vision,4,INDUSTRY LEADER,2019 4
152,2019,normal_setup,3,MODERN SMARTPHONE,2019 3
153,2019,volunteer,2,INDEPENDENT RESEARCHER,2019 2
154,2019,machine_learn_training_process,3,MODERN SMARTPHONE,2019 3
155,2019,photo_assignment,2,INDEPENDENT RESEARCHER,2019 2
156,2019,64_graphic_card,3,MODERN SMARTPHONE,2019 3
157,2019,intel_openvino,1,HIGH TECH UPGRADE,2019 1
158,2019,surprising_failure,3,MODERN SMARTPHONE,2019 3
159,2019,simple_elegant_way,2,INDEPENDENT RESEARCHER,2019 2
160,2019,problematic_training_data,1,HIGH TECH UPGRADE,2019 1
161,2019,then_a_post_doctoral_fellow,1,HIGH TECH UPGRADE,2019 1
162,2019,both_perseverance,1,HIGH TECH UPGRADE,2019 1
163,2019,translucent_square,1,HIGH TECH UPGRADE,2019 1
164,2019,iconic_position,3,MODERN SMARTPHONE,2019 3
165,2019,simple_structure,6,SPECIFIC LOCATION,2019 6
166,2019,kate_crawford,2,INDEPENDENT RESEARCHER,2019 2
167,2019,rapidly_advance_area,8,EMERGE TECHNOLOGY,2019 8
168,2019,modern_boom,1,HIGH TECH UPGRADE,2019 1
169,2019,google_landmarks_v2,1,HIGH TECH UPGRADE,2019 1
170,2019,imagenet_a,1,HIGH TECH UPGRADE,2019 1
171,2019,fix_resource_constraint,3,MODERN SMARTPHONE,2019 3
172,2019,deep_learning_application,1,HIGH TECH UPGRADE,2019 1
173,2019,264_home,1,HIGH TECH UPGRADE,2019 1
174,2019,both_imagenet,1,HIGH TECH UPGRADE,2019 1
175,2019,pay_freelancer,1,HIGH TECH UPGRADE,2019 1
176,2019,microsoft_coco_benchmark,1,HIGH TECH UPGRADE,2019 1
177,2019,encode_key,3,MODERN SMARTPHONE,2019 3
178,2019,instance_semantic_segmentation,1,HIGH TECH UPGRADE,2019 1
179,2019,error_free_assembly,3,MODERN SMARTPHONE,2019 3
180,2019,modern_computer_vision_method,1,HIGH TECH UPGRADE,2019 1
181,2019,appropriate_scale_coefficient,1,HIGH TECH UPGRADE,2019 1
182,2019,dynamic_dictionary,0,LARGE DATASET,2019 0
183,2019,only_single_object,1,HIGH TECH UPGRADE,2019 1
184,2019,previous_network_system,1,HIGH TECH UPGRADE,2019 1
185,2019,resnet_and_resnext_backbone,1,HIGH TECH UPGRADE,2019 1
186,2019,model_interpretability_score,1,HIGH TECH UPGRADE,2019 1
187,2019,scale_dimension,3,MODERN SMARTPHONE,2019 3
188,2019,analyze_layer,1,HIGH TECH UPGRADE,2019 1
189,2019,three_image_classification_benchmark,1,HIGH TECH UPGRADE,2019 1
190,2019,imagenet_roulette,1,HIGH TECH UPGRADE,2019 1
191,2019,bold5000_dataset,1,HIGH TECH UPGRADE,2019 1
192,2019,at_literally_the_speed,1,HIGH TECH UPGRADE,2019 1
193,2019,increasingly_automate_data_power_environment,1,HIGH TECH UPGRADE,2019 1
194,2019,animated_instruction,3,MODERN SMARTPHONE,2019 3
195,2019,instagram_corpora,1,HIGH TECH UPGRADE,2019 1
196,2019,cmu_psychology_department,1,HIGH TECH UPGRADE,2019 1
197,2019,5000_visual_image,1,HIGH TECH UPGRADE,2019 1
198,2019,dataset,1,HIGH TECH UPGRADE,2019 1
199,2019,imagenet_category,1,HIGH TECH UPGRADE,2019 1
200,2019,intelligent_vision_solution,1,HIGH TECH UPGRADE,2019 1
201,2019,continuous_high_dimensional_space,1,HIGH TECH UPGRADE,2019 1
202,2019,co_author_abhinav_gupta,1,HIGH TECH UPGRADE,2019 1
203,2019,experimenter_ability,3,MODERN SMARTPHONE,2019 3
204,2019,cnn_depth,3,MODERN SMARTPHONE,2019 3
205,2019,closure_panel,6,SPECIFIC LOCATION,2019 6
206,2019,modern_object_detector,3,MODERN SMARTPHONE,2019 3
207,2019,peripheral_device,1,HIGH TECH UPGRADE,2019 1
208,2020,information,5,OTHER,2020 5
209,2020,globe_newswire,2,CLASSIFICATION AND PREDICTION TASK,2020 2
210,2020,time,1,REAL WORLD,2020 1
211,2020,real_world,1,REAL WORLD,2020 1
212,2020,research,5,OTHER,2020 5
213,2020,step,1,REAL WORLD,2020 1
214,2020,artificial_intelligence,6,CHALLENGING TASK,2020 6
215,2020,type,6,CHALLENGING TASK,2020 6
216,2020,machine_learning,6,CHALLENGING TASK,2020 6
217,2020,data,6,CHALLENGING TASK,2020 6
218,2020,third_party,5,OTHER,2020 5
219,2020,large_amount,6,CHALLENGING TASK,2020 6
220,2020,other,5,OTHER,2020 5
221,2020,computer_vision_model,4,OBJECT DETECTION,2020 4
222,2020,key_role,6,CHALLENGING TASK,2020 6
223,2020,image_credit,5,OTHER,2020 5
224,2020,late_update,5,OTHER,2020 5
225,2020,mobile_device,5,OTHER,2020 5
226,2020,idea,5,OTHER,2020 5
227,2020,blog_post,5,OTHER,2020 5
228,2020,broad_range,6,CHALLENGING TASK,2020 6
229,2020,pre_trained_model,4,OBJECT DETECTION,2020 4
230,2020,investment_decision,8,CRUCIAL ELEMENT,2020 8
231,2020,computer_science,9,GRADUATE STUDENT,2020 9
232,2020,sponsor_opportunity,2,CLASSIFICATION AND PREDICTION TASK,2020 2
233,2020,virtual_reality,1,REAL WORLD,2020 1
234,2020,open_source,7,GITHUB REPOSITORY,2020 7
235,2020,autonomous_vehicle,1,REAL WORLD,2020 1
236,2020,deep_learn_algorithm,4,OBJECT DETECTION,2020 4
237,2020,end_result,1,REAL WORLD,2020 1
238,2020,facial_recognition,1,REAL WORLD,2020 1
239,2020,operational_efficiency,6,CHALLENGING TASK,2020 6
240,2020,search_engine,5,OTHER,2020 5
241,2020,the_session,3,COGNITIVE LOAD,2020 3
242,2020,cite_source,3,COGNITIVE LOAD,2020 3
243,2020,ai_system,6,CHALLENGING TASK,2020 6
244,2020,automotive_industry,1,REAL WORLD,2020 1
245,2020,3d_printer,1,REAL WORLD,2020 1
246,2020,screen,5,OTHER,2020 5
247,2020,potential,6,CHALLENGING TASK,2020 6
248,2020,overall_performance,6,CHALLENGING TASK,2020 6
249,2020,informational_purpose,5,OTHER,2020 5
250,2020,graduate_student,9,GRADUATE STUDENT,2020 9
251,2020,beginning_stage,6,CHALLENGING TASK,2020 6
252,2020,deep_problem,8,CRUCIAL ELEMENT,2020 8
253,2020,neural_network,4,OBJECT DETECTION,2020 4
254,2020,collection_practice,8,CRUCIAL ELEMENT,2020 8
255,2020,computer_vision_market,1,REAL WORLD,2020 1
256,2020,additional_training,3,COGNITIVE LOAD,2020 3
257,2020,process,6,CHALLENGING TASK,2020 6
258,2020,data_set,4,OBJECT DETECTION,2020 4
259,2020,image_classification,4,OBJECT DETECTION,2020 4
260,2020,powerful_tool,6,CHALLENGING TASK,2020 6
261,2020,sexual_orientation,3,COGNITIVE LOAD,2020 3
262,2020,similar_way,1,REAL WORLD,2020 1
263,2020,natural_language_processing,6,CHALLENGING TASK,2020 6
264,2020,self_drive_car,1,REAL WORLD,2020 1
265,2020,quality_control,6,CHALLENGING TASK,2020 6
266,2020,unintended_consequence,8,CRUCIAL ELEMENT,2020 8
267,2020,potential_legal_action,8,CRUCIAL ELEMENT,2020 8
268,2020,human_brain,3,COGNITIVE LOAD,2020 3
269,2020,consumer_electronic,1,REAL WORLD,2020 1
270,2020,faculty_member,9,GRADUATE STUDENT,2020 9
271,2020,below_code,7,GITHUB REPOSITORY,2020 7
272,2020,financial_expert,8,CRUCIAL ELEMENT,2020 8
273,2020,transaction,8,CRUCIAL ELEMENT,2020 8
274,2020,high_accuracy,6,CHALLENGING TASK,2020 6
275,2020,enforceable_claim,8,CRUCIAL ELEMENT,2020 8
276,2020,crypto_product,2,CLASSIFICATION AND PREDICTION TASK,2020 2
277,2020,regulatory_recourse,0,CELEBRITY ADVERTISING,2020 0
278,2020,n_word,3,COGNITIVE LOAD,2020 3
279,2020,object_detection,4,OBJECT DETECTION,2020 4
280,2020,diverse_background,3,COGNITIVE LOAD,2020 3
281,2020,skin_color,3,COGNITIVE LOAD,2020 3
282,2020,basic_research_effort,2,CLASSIFICATION AND PREDICTION TASK,2020 2
283,2020,extent,8,CRUCIAL ELEMENT,2020 8
284,2020,iphone_x,5,OTHER,2020 5
285,2020,application,6,CHALLENGING TASK,2020 6
286,2020,challenging_task,6,CHALLENGING TASK,2020 6
287,2020,aff_link,5,OTHER,2020 5
288,2020,slow_motion,1,REAL WORLD,2020 1
289,2020,increase_attention,6,CHALLENGING TASK,2020 6
290,2020,correct_one,8,CRUCIAL ELEMENT,2020 8
291,2020,feature_extraction,4,OBJECT DETECTION,2020 4
292,2020,fine_tuning,4,OBJECT DETECTION,2020 4
293,2020,video_frame,4,OBJECT DETECTION,2020 4
294,2020,crucial_element,8,CRUCIAL ELEMENT,2020 8
295,2020,basketball_player,3,COGNITIVE LOAD,2020 3
296,2020,visual_information,3,COGNITIVE LOAD,2020 3
297,2020,digital_reconstruction,4,OBJECT DETECTION,2020 4
298,2020,electrical_and_computer_engineering,9,GRADUATE STUDENT,2020 9
299,2020,people_face,1,REAL WORLD,2020 1
300,2020,relevant_offer,5,OTHER,2020 5
301,2020,cartoon_character,1,REAL WORLD,2020 1
302,2020,brief_introduction,8,CRUCIAL ELEMENT,2020 8
303,2020,full_collection,3,COGNITIVE LOAD,2020 3
304,2020,github_repository,7,GITHUB REPOSITORY,2020 7
305,2020,core_message,3,COGNITIVE LOAD,2020 3
306,2020,art_exhibition,3,COGNITIVE LOAD,2020 3
307,2020,ground_truth,4,OBJECT DETECTION,2020 4
308,2020,now_a_professor,9,GRADUATE STUDENT,2020 9
309,2020,gender_expression,3,COGNITIVE LOAD,2020 3
310,2020,adversarial_attack,4,OBJECT DETECTION,2020 4
311,2020,scuba_diver,3,COGNITIVE LOAD,2020 3
312,2020,semantic_segmentation,4,OBJECT DETECTION,2020 4
313,2020,cognitive_load,3,COGNITIVE LOAD,2020 3
314,2020,laser_scanner,4,OBJECT DETECTION,2020 4
315,2020,camera_movement,4,OBJECT DETECTION,2020 4
316,2020,related_work,8,CRUCIAL ELEMENT,2020 8
317,2020,child_molester,3,COGNITIVE LOAD,2020 3
318,2020,biometric_identification,1,REAL WORLD,2020 1
319,2020,single_module,6,CHALLENGING TASK,2020 6
320,2020,bounding_box,4,OBJECT DETECTION,2020 4
321,2020,smartphone_video,3,COGNITIVE LOAD,2020 3
322,2020,split,3,COGNITIVE LOAD,2020 3
323,2020,constructive_solution,8,CRUCIAL ELEMENT,2020 8
324,2020,dense_cloud,1,REAL WORLD,2020 1
325,2020,clear_bias,3,COGNITIVE LOAD,2020 3
326,2020,team_experiment,2,CLASSIFICATION AND PREDICTION TASK,2020 2
327,2020,popular_technique,6,CHALLENGING TASK,2020 6
328,2020,co_occurrence,3,COGNITIVE LOAD,2020 3
329,2020,transfer,2,CLASSIFICATION AND PREDICTION TASK,2020 2
330,2020,comprehensive_proposal,8,CRUCIAL ELEMENT,2020 8
331,2020,brain_visual_processing_system,2,CLASSIFICATION AND PREDICTION TASK,2020 2
332,2020,geographic_origin,3,COGNITIVE LOAD,2020 3
333,2020,confidence_score,4,OBJECT DETECTION,2020 4
334,2020,computational_unit,6,CHALLENGING TASK,2020 6
335,2020,researcher_purpose,2,CLASSIFICATION AND PREDICTION TASK,2020 2
336,2020,harmful_bias,3,COGNITIVE LOAD,2020 3
337,2020,common_workflow,7,GITHUB REPOSITORY,2020 7
338,2020,fast_r_cnn,4,OBJECT DETECTION,2020 4
339,2020,pixel,4,OBJECT DETECTION,2020 4
340,2020,json_file,7,GITHUB REPOSITORY,2020 7
341,2020,10_female,0,CELEBRITY ADVERTISING,2020 0
342,2020,close_similarity,3,COGNITIVE LOAD,2020 3
343,2020,specialized_sensor,1,REAL WORLD,2020 1
344,2020,structured_light,4,OBJECT DETECTION,2020 4
345,2020,fairness_issue,8,CRUCIAL ELEMENT,2020 8
346,2020,classical_method,6,CHALLENGING TASK,2020 6
347,2020,three_attribute,8,CRUCIAL ELEMENT,2020 8
348,2020,below_code_snippet,2,CLASSIFICATION AND PREDICTION TASK,2020 2
349,2020,person_profile,2,CLASSIFICATION AND PREDICTION TASK,2020 2
350,2020,stereotypical_portrayal,3,COGNITIVE LOAD,2020 3
351,2020,carnegie_mellon_university_researcher,2,CLASSIFICATION AND PREDICTION TASK,2020 2
352,2020,cmu_robotics_institute,9,GRADUATE STUDENT,2020 9
353,2020,mis_annotation,2,CLASSIFICATION AND PREDICTION TASK,2020 2
354,2020,top_1_accuracy,4,OBJECT DETECTION,2020 4
355,2020,old_database,7,GITHUB REPOSITORY,2020 7
356,2020,ms_coco,4,OBJECT DETECTION,2020 4
357,2020,pricey_equipment,1,REAL WORLD,2020 1
358,2020,automate_assembly_line,1,REAL WORLD,2020 1
359,2020,ai_power_chip,0,CELEBRITY ADVERTISING,2020 0
360,2020,attention_operation,2,CLASSIFICATION AND PREDICTION TASK,2020 2
361,2020,1080_ti,0,CELEBRITY ADVERTISING,2020 0
362,2020,four_architecture,6,CHALLENGING TASK,2020 6
363,2020,sensitive_category,2,CLASSIFICATION AND PREDICTION TASK,2020 2
364,2020,demographic_representation,3,COGNITIVE LOAD,2020 3
365,2020,person_religion,3,COGNITIVE LOAD,2020 3
366,2020,mturk_worker,3,COGNITIVE LOAD,2020 3
367,2020,verbal_term,3,COGNITIVE LOAD,2020 3
368,2020,liquid_lense,1,REAL WORLD,2020 1
369,2020,dense_point_cloud,4,OBJECT DETECTION,2020 4
370,2020,cifar_dataset,2,CLASSIFICATION AND PREDICTION TASK,2020 2
371,2020,computer_vision_practitioner,0,CELEBRITY ADVERTISING,2020 0
372,2020,offensive_category,0,CELEBRITY ADVERTISING,2020 0
373,2020,than_14_million_image,0,CELEBRITY ADVERTISING,2020 0
374,2020,person_category,3,COGNITIVE LOAD,2020 3
375,2020,slow_motion_setting,0,CELEBRITY ADVERTISING,2020 0
376,2020,computer_vision_data_set,0,CELEBRITY ADVERTISING,2020 0
377,2020,initial_geometry,1,REAL WORLD,2020 1
378,2020,module,2,CLASSIFICATION AND PREDICTION TASK,2020 2
379,2020,attentive_normalization,0,CELEBRITY ADVERTISING,2020 0
380,2020,recent_art_project,0,CELEBRITY ADVERTISING,2020 0
381,2020,computer_vision_models,0,CELEBRITY ADVERTISING,2020 0
382,2020,highly_accurate_scan,2,CLASSIFICATION AND PREDICTION TASK,2020 2
383,2020,offensive_label,3,COGNITIVE LOAD,2020 3
384,2020,central_innovation,2,CLASSIFICATION AND PREDICTION TASK,2020 2
385,2020,instance_segmentation_benchmark,0,CELEBRITY ADVERTISING,2020 0
386,2020,prior_pitfall,0,CELEBRITY ADVERTISING,2020 0
387,2020,balanced_subset,2,CLASSIFICATION AND PREDICTION TASK,2020 2
388,2020,objectron_dataset,0,CELEBRITY ADVERTISING,2020 0
389,2020,40_50_piece,2,CLASSIFICATION AND PREDICTION TASK,2020 2
390,2020,80_male,0,CELEBRITY ADVERTISING,2020 0
391,2020,core_technical_expertise,2,CLASSIFICATION AND PREDICTION TASK,2020 2
392,2020,celebrity_advertising,0,CELEBRITY ADVERTISING,2020 0
393,2020,princeton_alumna,2,CLASSIFICATION AND PREDICTION TASK,2020 2
394,2020,straightforward_issue,0,CELEBRITY ADVERTISING,2020 0
395,2020,medical_procedure,0,CELEBRITY ADVERTISING,2020 0
396,2020,classification_and_prediction_task,2,CLASSIFICATION AND PREDICTION TASK,2020 2
397,2020,accurate_attitude_estimation,2,CLASSIFICATION AND PREDICTION TASK,2020 2
398,2020,2d_crop,0,CELEBRITY ADVERTISING,2020 0
399,2020,inappropriate_categorization,0,CELEBRITY ADVERTISING,2020 0
400,2020,imagenet_hierarchy,0,CELEBRITY ADVERTISING,2020 0
401,2020,rebalance_tool,2,CLASSIFICATION AND PREDICTION TASK,2020 2
402,2020,imagenet_label,0,CELEBRITY ADVERTISING,2020 0
403,2020,web_interface_tool,0,CELEBRITY ADVERTISING,2020 0
404,2020,80_million_tiny_image,0,CELEBRITY ADVERTISING,2020 0
405,2020,"than_133,000_image",2,CLASSIFICATION AND PREDICTION TASK,2020 2
406,2020,u.s._anti_discrimination_law,8,CRUCIAL ELEMENT,2020 8
407,2020,brain_visual_processing,0,CELEBRITY ADVERTISING,2020 0
408,2020,at_least_three_network,2,CLASSIFICATION AND PREDICTION TASK,2020 2
409,2021,globe_newswire,2,FACEBOOK RESEARCHER,2021 2
410,2021,information,6,BLOG POST,2021 6
411,2021,time,1,DEBUG HARDWARE,2021 1
412,2021,press_release,6,BLOG POST,2021 6
413,2021,full_report,2,FACEBOOK RESEARCHER,2021 2
414,2021,real_world,8,REAL WORLD,2021 8
415,2021,forecast_period,9,E COMMERCE,2021 9
416,2021,large_amount,8,REAL WORLD,2021 8
417,2021,artificial_intelligence,3,COMPUTER VISION,2021 3
418,2021,co_founder,6,BLOG POST,2021 6
419,2021,machine_learning,3,COMPUTER VISION,2021 3
420,2021,research_team,2,FACEBOOK RESEARCHER,2021 2
421,2021,real_time_object_detection,3,COMPUTER VISION,2021 3
422,2021,meaningful_information,3,COMPUTER VISION,2021 3
423,2021,data_science,8,REAL WORLD,2021 8
424,2021,broad_range,8,REAL WORLD,2021 8
425,2021,market_growth,9,E COMMERCE,2021 9
426,2021,end_user,8,REAL WORLD,2021 8
427,2021,decision_making,8,REAL WORLD,2021 8
428,2021,increase_demand,8,REAL WORLD,2021 8
429,2021,kind,8,REAL WORLD,2021 8
430,2021,ai_system,8,REAL WORLD,2021 8
431,2021,financial_advisor,2,FACEBOOK RESEARCHER,2021 2
432,2021,investment_advice,2,FACEBOOK RESEARCHER,2021 2
433,2021,wide_variety,8,REAL WORLD,2021 8
434,2021,comment_section,6,BLOG POST,2021 6
435,2021,part,8,REAL WORLD,2021 8
436,2021,late_update,6,BLOG POST,2021 6
437,2021,blog_post,6,BLOG POST,2021 6
438,2021,e_commerce,9,E COMMERCE,2021 9
439,2021,result,7,ATTENTION MECHANISM,2021 7
440,2021,hybrid_model,7,ATTENTION MECHANISM,2021 7
441,2021,emerge_technology,8,REAL WORLD,2021 8
442,2021,customer_experience,9,E COMMERCE,2021 9
443,2021,automotive_industry,9,E COMMERCE,2021 9
444,2021,company_product,9,E COMMERCE,2021 9
445,2021,human_being,4,DOCUMENT CATEGORIZATION,2021 4
446,2021,mobile_app,6,BLOG POST,2021 6
447,2021,daily_life,8,REAL WORLD,2021 8
448,2021,data_scientist,8,REAL WORLD,2021 8
449,2021,computer_vision,3,COMPUTER VISION,2021 3
450,2021,autonomous_vehicle,3,COMPUTER VISION,2021 3
451,2021,informational_purpose,2,FACEBOOK RESEARCHER,2021 2
452,2021,electronic_device,8,REAL WORLD,2021 8
453,2021,early_detection,4,DOCUMENT CATEGORIZATION,2021 4
454,2021,paper,2,FACEBOOK RESEARCHER,2021 2
455,2021,analysis,5,CHALLENGE,2021 5
456,2021,grow_need,8,REAL WORLD,2021 8
457,2021,early_version,6,BLOG POST,2021 6
458,2021,facial_recognition,8,REAL WORLD,2021 8
459,2021,deep_learn_algorithm,3,COMPUTER VISION,2021 3
460,2021,augment_reality,8,REAL WORLD,2021 8
461,2021,neural_network,7,ATTENTION MECHANISM,2021 7
462,2021,fake_news,2,FACEBOOK RESEARCHER,2021 2
463,2021,potential_legal_action,2,FACEBOOK RESEARCHER,2021 2
464,2021,enforceable_claim,2,FACEBOOK RESEARCHER,2021 2
465,2021,the_session,4,DOCUMENT CATEGORIZATION,2021 4
466,2021,stage,1,DEBUG HARDWARE,2021 1
467,2021,digital_image,3,COMPUTER VISION,2021 3
468,2021,hot_area,5,CHALLENGE,2021 5
469,2021,crypto_product,2,FACEBOOK RESEARCHER,2021 2
470,2021,fraudulent_transaction,2,FACEBOOK RESEARCHER,2021 2
471,2021,look,6,BLOG POST,2021 6
472,2021,natural_language_processing,3,COMPUTER VISION,2021 3
473,2021,quality_control,3,COMPUTER VISION,2021 3
474,2021,self_drive_car,3,COMPUTER VISION,2021 3
475,2021,key_point,5,CHALLENGE,2021 5
476,2021,relevant_offer,9,E COMMERCE,2021 9
477,2021,high_accuracy,7,ATTENTION MECHANISM,2021 7
478,2021,application,3,COMPUTER VISION,2021 3
479,2021,training_dataset,7,ATTENTION MECHANISM,2021 7
480,2021,class_name,4,DOCUMENT CATEGORIZATION,2021 4
481,2021,software_engineer,8,REAL WORLD,2021 8
482,2021,engaging_online_community,4,DOCUMENT CATEGORIZATION,2021 4
483,2021,technical_expertise,8,REAL WORLD,2021 8
484,2021,false_positive,7,ATTENTION MECHANISM,2021 7
485,2021,source_code,8,REAL WORLD,2021 8
486,2021,food_delivery,0,SOTA RESULT,2021 0
487,2021,compute_power,8,REAL WORLD,2021 8
488,2021,fast_speed,8,REAL WORLD,2021 8
489,2021,32_gb,1,DEBUG HARDWARE,2021 1
490,2021,challenging_task,3,COMPUTER VISION,2021 3
491,2021,challenge,5,CHALLENGE,2021 5
492,2021,audio_recording,4,DOCUMENT CATEGORIZATION,2021 4
493,2021,conventional_speech_recognition,1,DEBUG HARDWARE,2021 1
494,2021,object,4,DOCUMENT CATEGORIZATION,2021 4
495,2021,value_chain,9,E COMMERCE,2021 9
496,2021,exact_location,4,DOCUMENT CATEGORIZATION,2021 4
497,2021,blur_face,4,DOCUMENT CATEGORIZATION,2021 4
498,2021,below_image,1,DEBUG HARDWARE,2021 1
499,2021,example,5,CHALLENGE,2021 5
500,2021,accurate_prediction,7,ATTENTION MECHANISM,2021 7
501,2021,advanced_driver_assistance_system,3,COMPUTER VISION,2021 3
502,2021,medical_imaging,3,COMPUTER VISION,2021 3
503,2021,discord_server,2,FACEBOOK RESEARCHER,2021 2
504,2021,credit_history,2,FACEBOOK RESEARCHER,2021 2
505,2021,lidar_sensor,3,COMPUTER VISION,2021 3
506,2021,basic_understanding,5,CHALLENGE,2021 5
507,2021,facebook_researcher,2,FACEBOOK RESEARCHER,2021 2
508,2021,amazon_alexa,6,BLOG POST,2021 6
509,2021,author_opinion,5,CHALLENGE,2021 5
510,2021,fine_tuning,7,ATTENTION MECHANISM,2021 7
511,2021,follow_command,1,DEBUG HARDWARE,2021 1
512,2021,10_different_class,2,FACEBOOK RESEARCHER,2021 2
513,2021,error_rate,7,ATTENTION MECHANISM,2021 7
514,2021,above_video,6,BLOG POST,2021 6
515,2021,our_telegram_group,0,SOTA RESULT,2021 0
516,2021,dark_skin,2,FACEBOOK RESEARCHER,2021 2
517,2021,computational_cost,7,ATTENTION MECHANISM,2021 7
518,2021,convolutional_layer,7,ATTENTION MECHANISM,2021 7
519,2021,detection_pipeline,1,DEBUG HARDWARE,2021 1
520,2021,disabled_child,4,DOCUMENT CATEGORIZATION,2021 4
521,2021,crucial_issue,5,CHALLENGE,2021 5
522,2021,binary_language,1,DEBUG HARDWARE,2021 1
523,2021,beginner_guide,2,FACEBOOK RESEARCHER,2021 2
524,2021,popular_newsletter,2,FACEBOOK RESEARCHER,2021 2
525,2021,aircraft_engine,1,DEBUG HARDWARE,2021 1
526,2021,weekly_ai_update,0,SOTA RESULT,2021 0
527,2021,generative_adversarial_network,7,ATTENTION MECHANISM,2021 7
528,2021,dl_technique,3,COMPUTER VISION,2021 3
529,2021,correct_label,4,DOCUMENT CATEGORIZATION,2021 4
530,2021,email_sign,2,FACEBOOK RESEARCHER,2021 2
531,2021,digital_payment_platform,9,E COMMERCE,2021 9
532,2021,semantic_segmentation,7,ATTENTION MECHANISM,2021 7
533,2021,3d_insight,4,DOCUMENT CATEGORIZATION,2021 4
534,2021,empirical_study,5,CHALLENGE,2021 5
535,2021,above_mention_problem,5,CHALLENGE,2021 5
536,2021,black_friend,2,FACEBOOK RESEARCHER,2021 2
537,2021,loss_function,7,ATTENTION MECHANISM,2021 7
538,2021,code_and_pretrained_model,1,DEBUG HARDWARE,2021 1
539,2021,acne_treatment,2,FACEBOOK RESEARCHER,2021 2
540,2021,below_table,0,SOTA RESULT,2021 0
541,2021,apple_siri,6,BLOG POST,2021 6
542,2021,active_control,1,DEBUG HARDWARE,2021 1
543,2021,self_supervise_learning,7,ATTENTION MECHANISM,2021 7
544,2021,city_square,5,CHALLENGE,2021 5
545,2021,bounding_box,7,ATTENTION MECHANISM,2021 7
546,2021,attention_mechanism,7,ATTENTION MECHANISM,2021 7
547,2021,autonomy_level,4,DOCUMENT CATEGORIZATION,2021 4
548,2021,business_in situation,5,CHALLENGE,2021 5
549,2021,desire_output,7,ATTENTION MECHANISM,2021 7
550,2021,mask_r_cnn,7,ATTENTION MECHANISM,2021 7
551,2021,debug_hardware,1,DEBUG HARDWARE,2021 1
552,2021,computer_vision_challenge,1,DEBUG HARDWARE,2021 1
553,2021,convolution_operation,7,ATTENTION MECHANISM,2021 7
554,2021,picture,4,DOCUMENT CATEGORIZATION,2021 4
555,2021,directional_change,4,DOCUMENT CATEGORIZATION,2021 4
556,2021,environmental_sense_platform,0,SOTA RESULT,2021 0
557,2021,college_party,2,FACEBOOK RESEARCHER,2021 2
558,2021,chris_b_nsf,1,DEBUG HARDWARE,2021 1
559,2021,extensive_experiment,7,ATTENTION MECHANISM,2021 7
560,2021,microsoft_cortana,6,BLOG POST,2021 6
561,2021,feature_map,7,ATTENTION MECHANISM,2021 7
562,2021,credit_card_theft,2,FACEBOOK RESEARCHER,2021 2
563,2021,top_1_accuracy,7,ATTENTION MECHANISM,2021 7
564,2021,feather_boa,2,FACEBOOK RESEARCHER,2021 2
565,2021,complicated_endeavor,4,DOCUMENT CATEGORIZATION,2021 4
566,2021,final_demise,0,SOTA RESULT,2021 0
567,2021,knowledge_distillation,7,ATTENTION MECHANISM,2021 7
568,2021,ad_solution,2,FACEBOOK RESEARCHER,2021 2
569,2021,domain_adaptation,7,ATTENTION MECHANISM,2021 7
570,2021,connectivity_pattern,4,DOCUMENT CATEGORIZATION,2021 4
571,2021,github,0,SOTA RESULT,2021 0
572,2021,ms_coco_dataset,7,ATTENTION MECHANISM,2021 7
573,2021,equivalent_outcome,4,DOCUMENT CATEGORIZATION,2021 4
574,2021,distribution_shift,4,DOCUMENT CATEGORIZATION,2021 4
575,2021,andrej_karpathy,2,FACEBOOK RESEARCHER,2021 2
576,2021,1000_class,1,DEBUG HARDWARE,2021 1
577,2021,a.i._platform,2,FACEBOOK RESEARCHER,2021 2
578,2021,sota_result,0,SOTA RESULT,2021 0
579,2021,3d_perception_software,1,DEBUG HARDWARE,2021 1
580,2021,3_d_modeling,3,COMPUTER VISION,2021 3
581,2021,defect_identification,3,COMPUTER VISION,2021 3
582,2021,double_blind_review,2,FACEBOOK RESEARCHER,2021 2
583,2021,consumer_money_transfer,0,SOTA RESULT,2021 0
584,2021,follow_character,0,SOTA RESULT,2021 0
585,2021,communication_impairment,4,DOCUMENT CATEGORIZATION,2021 4
586,2021,countless_other_task,2,FACEBOOK RESEARCHER,2021 2
587,2021,data_annotation_service,0,SOTA RESULT,2021 0
588,2021,company_late_prototype,2,FACEBOOK RESEARCHER,2021 2
589,2021,five_possibility,1,DEBUG HARDWARE,2021 1
590,2021,cloud_base_image_processing,0,SOTA RESULT,2021 0
591,2021,document_categorization,4,DOCUMENT CATEGORIZATION,2021 4
592,2021,environmental_sense_solution,0,SOTA RESULT,2021 0
593,2021,"50,000_training_image",1,DEBUG HARDWARE,2021 1
594,2021,linear_probing,1,DEBUG HARDWARE,2021 1
595,2021,deep_learning_trend,0,SOTA RESULT,2021 0
596,2021,decrease_maintenance,1,DEBUG HARDWARE,2021 1
597,2021,155_fps,0,SOTA RESULT,2021 0
598,2021,common_image_corruption,0,SOTA RESULT,2021 0
599,2021,issue,2,FACEBOOK RESEARCHER,2021 2
600,2021,blurring_face,0,SOTA RESULT,2021 0
601,2021,crowd_surveillance,3,COMPUTER VISION,2021 3
602,2021,fashion_mnist,7,ATTENTION MECHANISM,2021 7
603,2021,class_token,0,SOTA RESULT,2021 0
604,2021,detection_lock,0,SOTA RESULT,2021 0
605,2021,considerable_series,0,SOTA RESULT,2021 0
606,2021,"10,000_test_image",0,SOTA RESULT,2021 0
607,2021,detect_developmental_delay,0,SOTA RESULT,2021 0
608,2021,bayesian_equivalent,1,DEBUG HARDWARE,2021 1
609,2021,complementary_flow,1,DEBUG HARDWARE,2021 1
610,2021,300_million_image,1,DEBUG HARDWARE,2021 1
611,2021,10_scene_category,0,SOTA RESULT,2021 0
612,2022,globe_newswire,7,RESULT,2022 7
613,2022,information,2,GROW DEMAND,2022 2
614,2022,result,7,RESULT,2022 7
615,2022,forward_look_statement,7,RESULT,2022 7
616,2022,forecast_period,2,GROW DEMAND,2022 2
617,2022,factor,5,CHALLENGE,2022 5
618,2022,research,2,GROW DEMAND,2022 2
619,2022,market_size,5,CHALLENGE,2022 5
620,2022,real_time,8,APPLICATION,2022 8
621,2022,end_user,2,GROW DEMAND,2022 2
622,2022,undue_reliance,7,RESULT,2022 7
623,2022,artificial_intelligence,9,COMPUTER VISION,2022 9
624,2022,key_player,2,GROW DEMAND,2022 2
625,2022,co_founder,2,GROW DEMAND,2022 2
626,2022,industry_leader,2,GROW DEMAND,2022 2
627,2022,machine_learning,9,COMPUTER VISION,2022 9
628,2022,recent_development,8,APPLICATION,2022 8
629,2022,type,8,APPLICATION,2022 8
630,2022,practice,2,GROW DEMAND,2022 2
631,2022,applicable_law,7,RESULT,2022 7
632,2022,public_health,5,CHALLENGE,2022 5
633,2022,decision_making,5,CHALLENGE,2022 5
634,2022,step,8,APPLICATION,2022 8
635,2022,researchandmarkets.com_offering,2,GROW DEMAND,2022 2
636,2022,grow_demand,2,GROW DEMAND,2022 2
637,2022,important_part,5,CHALLENGE,2022 5
638,2022,investment_advice,7,RESULT,2022 7
639,2022,provider,2,GROW DEMAND,2022 2
640,2022,large_amount,8,APPLICATION,2022 8
641,2022,object,4,POSE ESTIMATION,2022 4
642,2022,covid_19_impact,2,GROW DEMAND,2022 2
643,2022,compound_annual_growth_rate,2,GROW DEMAND,2022 2
644,2022,mobile_device,0,OPEN SOURCE FRAMEWORK,2022 0
645,2022,deep_understanding,5,CHALLENGE,2022 5
646,2022,data_science,9,COMPUTER VISION,2022 9
647,2022,high_performance,8,APPLICATION,2022 8
648,2022,emerge_technology,5,CHALLENGE,2022 5
649,2022,ai_system,5,CHALLENGE,2022 5
650,2022,challenge,5,CHALLENGE,2022 5
651,2022,crucial_form,5,CHALLENGE,2022 5
652,2022,base_model,8,APPLICATION,2022 8
653,2022,operational_efficiency,5,CHALLENGE,2022 5
654,2022,computer_vision,9,COMPUTER VISION,2022 9
655,2022,significant_improvement,8,APPLICATION,2022 8
656,2022,informational_purpose,7,RESULT,2022 7
657,2022,renewable_energy_source,1,CONSTANT,2022 1
658,2022,human_brain,5,CHALLENGE,2022 5
659,2022,inherent_risk,5,CHALLENGE,2022 5
660,2022,autonomous_vehicle,9,COMPUTER VISION,2022 9
661,2022,financial_expert,7,RESULT,2022 7
662,2022,application,8,APPLICATION,2022 8
663,2022,power_consumption,8,APPLICATION,2022 8
664,2022,above_image,4,POSE ESTIMATION,2022 4
665,2022,potential_legal_action,7,RESULT,2022 7
666,2022,weekly_dose,1,CONSTANT,2022 1
667,2022,quantum_computing,8,APPLICATION,2022 8
668,2022,customer_engagement,5,CHALLENGE,2022 5
669,2022,natural_language_processing,9,COMPUTER VISION,2022 9
670,2022,spot,3,ACCURATE DISTANCE MEASUREMENT,2022 3
671,2022,enforceable_claim,7,RESULT,2022 7
672,2022,effective_tool,5,CHALLENGE,2022 5
673,2022,facial_recognition,4,POSE ESTIMATION,2022 4
674,2022,reason,2,GROW DEMAND,2022 2
675,2022,quality_control,5,CHALLENGE,2022 5
676,2022,neural_network,6,GENERALIZATION,2022 6
677,2022,specific_task,8,APPLICATION,2022 8
678,2022,production_line,5,CHALLENGE,2022 5
679,2022,algorithm_ability,6,GENERALIZATION,2022 6
680,2022,low_latency,8,APPLICATION,2022 8
681,2022,one,8,APPLICATION,2022 8
682,2022,surveillance_camera,4,POSE ESTIMATION,2022 4
683,2022,mapping_data,0,OPEN SOURCE FRAMEWORK,2022 0
684,2022,flagship_product,2,GROW DEMAND,2022 2
685,2022,digital_signal_processing,8,APPLICATION,2022 8
686,2022,telecommunication_infrastructure,5,CHALLENGE,2022 5
687,2022,unexpected_cost,5,CHALLENGE,2022 5
688,2022,self_drive_car,9,COMPUTER VISION,2022 9
689,2022,industrial_automation,5,CHALLENGE,2022 5
690,2022,store_performance,5,CHALLENGE,2022 5
691,2022,similar_feature,8,APPLICATION,2022 8
692,2022,cv_task,1,CONSTANT,2022 1
693,2022,security_regulator,7,RESULT,2022 7
694,2022,computer_vision_product,2,GROW DEMAND,2022 2
695,2022,unmanned_aerial_vehicle,9,COMPUTER VISION,2022 9
696,2022,email_sign,1,CONSTANT,2022 1
697,2022,10th_anniversary,2,GROW DEMAND,2022 2
698,2022,face_detection,4,POSE ESTIMATION,2022 4
699,2022,computational_cost,6,GENERALIZATION,2022 6
700,2022,precision_sensor,3,ACCURATE DISTANCE MEASUREMENT,2022 3
701,2022,previous_close,7,RESULT,2022 7
702,2022,medical_imaging,9,COMPUTER VISION,2022 9
703,2022,smart_manufacturing,5,CHALLENGE,2022 5
704,2022,improve_resolution,3,ACCURATE DISTANCE MEASUREMENT,2022 3
705,2022,rise_percentage,2,GROW DEMAND,2022 2
706,2022,constant,1,CONSTANT,2022 1
707,2022,grid_frequency,1,CONSTANT,2022 1
708,2022,resource_management,5,CHALLENGE,2022 5
709,2022,general_idea,8,APPLICATION,2022 8
710,2022,flat_surface,3,ACCURATE DISTANCE MEASUREMENT,2022 3
711,2022,hybrid_approach,6,GENERALIZATION,2022 6
712,2022,comparative_analysis,8,APPLICATION,2022 8
713,2022,personal_and_professional_life,5,CHALLENGE,2022 5
714,2022,fine_tuning,8,APPLICATION,2022 8
715,2022,regulatory_restriction,5,CHALLENGE,2022 5
716,2022,rapid_shift,5,CHALLENGE,2022 5
717,2022,modern_business,5,CHALLENGE,2022 5
718,2022,external_environment,5,CHALLENGE,2022 5
719,2022,python_library,0,OPEN SOURCE FRAMEWORK,2022 0
720,2022,visual_information,4,POSE ESTIMATION,2022 4
721,2022,proprietary_software_suite,2,GROW DEMAND,2022 2
722,2022,aspect_ratio,3,ACCURATE DISTANCE MEASUREMENT,2022 3
723,2022,efficient_solution,6,GENERALIZATION,2022 6
724,2022,recent_filing,7,RESULT,2022 7
725,2022,inspection_procedure,5,CHALLENGE,2022 5
726,2022,open_source_framework,0,OPEN SOURCE FRAMEWORK,2022 0
727,2022,convolutional_layer,6,GENERALIZATION,2022 6
728,2022,save_time,5,CHALLENGE,2022 5
729,2022,popular_newsletter,1,CONSTANT,2022 1
730,2022,weekly_ai_update,2,GROW DEMAND,2022 2
731,2022,class_service,2,GROW DEMAND,2022 2
732,2022,critical_phenomenon,8,APPLICATION,2022 8
733,2022,follow_line,8,APPLICATION,2022 8
734,2022,empirical_study,8,APPLICATION,2022 8
735,2022,complete_repository,0,OPEN SOURCE FRAMEWORK,2022 0
736,2022,contribution,8,APPLICATION,2022 8
737,2022,10_student,0,OPEN SOURCE FRAMEWORK,2022 0
738,2022,additional_investor_information,1,CONSTANT,2022 1
739,2022,ground_truth,6,GENERALIZATION,2022 6
740,2022,semantic_segmentation,4,POSE ESTIMATION,2022 4
741,2022,award_win_industry_leader,7,RESULT,2022 7
742,2022,discrete_item,0,OPEN SOURCE FRAMEWORK,2022 0
743,2022,light_ray,3,ACCURATE DISTANCE MEASUREMENT,2022 3
744,2022,transformer_architecture,6,GENERALIZATION,2022 6
745,2022,surveying_market,2,GROW DEMAND,2022 2
746,2022,loss_function,6,GENERALIZATION,2022 6
747,2022,self_supervise_learning,6,GENERALIZATION,2022 6
748,2022,3d_reconstruction,3,ACCURATE DISTANCE MEASUREMENT,2022 3
749,2022,use_case,0,OPEN SOURCE FRAMEWORK,2022 0
750,2022,crop_monitoring,9,COMPUTER VISION,2022 9
751,2022,github,0,OPEN SOURCE FRAMEWORK,2022 0
752,2022,11_title,1,CONSTANT,2022 1
753,2022,self_attention,6,GENERALIZATION,2022 6
754,2022,simultaneous_localization,9,COMPUTER VISION,2022 9
755,2022,manufacturing_and_distribution_industry,2,GROW DEMAND,2022 2
756,2022,bounding_box,4,POSE ESTIMATION,2022 4
757,2022,coco_dataset,6,GENERALIZATION,2022 6
758,2022,both_land,9,COMPUTER VISION,2022 9
759,2022,fish_eye,3,ACCURATE DISTANCE MEASUREMENT,2022 3
760,2022,pose_estimation,4,POSE ESTIMATION,2022 4
761,2022,grade_refractive_index,3,ACCURATE DISTANCE MEASUREMENT,2022 3
762,2022,virtual_or_augmented_reality,0,OPEN SOURCE FRAMEWORK,2022 0
763,2022,pixel_value,4,POSE ESTIMATION,2022 4
764,2022,11.1_point,1,CONSTANT,2022 1
765,2022,automobile_tire,3,ACCURATE DISTANCE MEASUREMENT,2022 3
766,2022,spherical_structure,3,ACCURATE DISTANCE MEASUREMENT,2022 3
767,2022,inference_speed,6,GENERALIZATION,2022 6
768,2022,numerical_computation,8,APPLICATION,2022 8
769,2022,fiddler_crab,1,CONSTANT,2022 1
770,2022,crowd_gathering,7,RESULT,2022 7
771,2022,barcode_reading,3,ACCURATE DISTANCE MEASUREMENT,2022 3
772,2022,micro_lens,3,ACCURATE DISTANCE MEASUREMENT,2022 3
773,2022,residual_block,4,POSE ESTIMATION,2022 4
774,2022,top_1_accuracy,6,GENERALIZATION,2022 6
775,2022,article,7,RESULT,2022 7
776,2022,accurate_distance_measurement,3,ACCURATE DISTANCE MEASUREMENT,2022 3
777,2022,mobile_scanning_solution,2,GROW DEMAND,2022 2
778,2022,quadratic_complexity,6,GENERALIZATION,2022 6
779,2022,fast_r_cnn,4,POSE ESTIMATION,2022 4
780,2022,generalization,6,GENERALIZATION,2022 6
781,2022,long_range_lidar_system,0,OPEN SOURCE FRAMEWORK,2022 0
782,2022,semi_conductor_manufacturer,1,CONSTANT,2022 1
783,2022,scanning_range,3,ACCURATE DISTANCE MEASUREMENT,2022 3
784,2022,aspirin_bottle,1,CONSTANT,2022 1
785,2022,1.3_m,1,CONSTANT,2022 1
786,2022,imagenet_top_1_accuracy,1,CONSTANT,2022 1
787,2022,panoramic_imaging,3,ACCURATE DISTANCE MEASUREMENT,2022 3
788,2022,both_aquatic_and_terrestrial_environment,1,CONSTANT,2022 1
789,2022,label_smoothing,6,GENERALIZATION,2022 6
790,2022,detection_workflow,1,CONSTANT,2022 1
791,2022,uca_arcuata,1,CONSTANT,2022 1
792,2022,human_and_insect_vision,1,CONSTANT,2022 1
793,2022,flat_cornea,1,CONSTANT,2022 1
794,2022,artificial_intelligence_power_device,1,CONSTANT,2022 1
795,2022,hierarchical_transformer,1,CONSTANT,2022 1
796,2022,bio_inspire_vision,1,CONSTANT,2022 1
797,2022,fiddler_crab_compound_eye,1,CONSTANT,2022 1
798,2022,semi_conductor_market,1,CONSTANT,2022 1
799,2022,two_million_point,1,CONSTANT,2022 1
800,2022,panoramic_visual_field,7,RESULT,2022 7
801,2022,imagenet_1_k_dataset,1,CONSTANT,2022 1
802,2022,defocuse_effect,3,ACCURATE DISTANCE MEASUREMENT,2022 3
803,2022,spherical_mount,1,CONSTANT,2022 1
804,2022,google_brain_tensorflow,1,CONSTANT,2022 1
805,2022,exponential_contribution,1,CONSTANT,2022 1
806,2022,convenient_front_end,2,GROW DEMAND,2022 2
807,2022,computer_vision_relate_task,0,OPEN SOURCE FRAMEWORK,2022 0
808,2022,1.28_million_image,0,OPEN SOURCE FRAMEWORK,2022 0
809,2023,globe_newswire,1,GLOBAL LEADER,2023 1
810,2023,information,7,REASON,2023 7
811,2023,market_growth,8,TECHNOLOGICAL ADVANCEMENT,2023 8
812,2023,product,7,REASON,2023 7
813,2023,key_player,8,TECHNOLOGICAL ADVANCEMENT,2023 8
814,2023,industry,8,TECHNOLOGICAL ADVANCEMENT,2023 8
815,2023,forecast_period,8,TECHNOLOGICAL ADVANCEMENT,2023 8
816,2023,global_leader,1,GLOBAL LEADER,2023 1
817,2023,increase_demand,8,TECHNOLOGICAL ADVANCEMENT,2023 8
818,2023,late_trend,8,TECHNOLOGICAL ADVANCEMENT,2023 8
819,2023,artificial_intelligence,6,COMPUTER VISION,2023 6
820,2023,end_user,8,TECHNOLOGICAL ADVANCEMENT,2023 8
821,2023,full_report,7,REASON,2023 7
822,2023,international_and_regional_market,8,TECHNOLOGICAL ADVANCEMENT,2023 8
823,2023,generative_ai,2,AR AND VR TECHNOLOGY,2023 2
824,2023,asia_pacific,1,GLOBAL LEADER,2023 1
825,2023,informed_decision,7,REASON,2023 7
826,2023,top_company,8,TECHNOLOGICAL ADVANCEMENT,2023 8
827,2023,real_time,6,COMPUTER VISION,2023 6
828,2023,crucial_role,8,TECHNOLOGICAL ADVANCEMENT,2023 8
829,2023,competitive_landscape,8,TECHNOLOGICAL ADVANCEMENT,2023 8
830,2023,data_augmentation,6,COMPUTER VISION,2023 6
831,2023,machine_learning,6,COMPUTER VISION,2023 6
832,2023,researchandmarkets.com_offering,8,TECHNOLOGICAL ADVANCEMENT,2023 8
833,2023,world_leading_source,8,TECHNOLOGICAL ADVANCEMENT,2023 8
834,2023,paper,7,REASON,2023 7
835,2023,large_amount,6,COMPUTER VISION,2023 6
836,2023,practice,7,REASON,2023 7
837,2023,technological_advancement,8,TECHNOLOGICAL ADVANCEMENT,2023 8
838,2023,next_step,7,REASON,2023 7
839,2023,compound_annual_growth_rate,8,TECHNOLOGICAL ADVANCEMENT,2023 8
840,2023,joint_venture,1,GLOBAL LEADER,2023 1
841,2023,provider,1,GLOBAL LEADER,2023 1
842,2023,innovative_solution,8,TECHNOLOGICAL ADVANCEMENT,2023 8
843,2023,immersive_experience,3,AR APPLICATION,2023 3
844,2023,3d_model,3,AR APPLICATION,2023 3
845,2023,display_technology,0,AUTONOMOUS VEHICLE,2023 0
846,2023,quality_control,0,AUTONOMOUS VEHICLE,2023 0
847,2023,industrial_sector,8,TECHNOLOGICAL ADVANCEMENT,2023 8
848,2023,pre_trained_model,6,COMPUTER VISION,2023 6
849,2023,ar_application,3,AR APPLICATION,2023 3
850,2023,high_performance,9,COMPUTE POWER,2023 9
851,2023,research_team,7,REASON,2023 7
852,2023,battery_life,7,REASON,2023 7
853,2023,human_language,5,BROAD CONTEXT,2023 5
854,2023,real_and_virtual_world,3,AR APPLICATION,2023 3
855,2023,autonomous_vehicle,0,AUTONOMOUS VEHICLE,2023 0
856,2023,easy_access,7,REASON,2023 7
857,2023,key_industry_insight,8,TECHNOLOGICAL ADVANCEMENT,2023 8
858,2023,diverse_range,5,BROAD CONTEXT,2023 5
859,2023,virtual_reality,3,AR APPLICATION,2023 3
860,2023,kind,7,REASON,2023 7
861,2023,north_america,1,GLOBAL LEADER,2023 1
862,2023,deep_expertise,1,GLOBAL LEADER,2023 1
863,2023,reason,7,REASON,2023 7
864,2023,driver_assist_system,0,AUTONOMOUS VEHICLE,2023 0
865,2023,critical_component,8,TECHNOLOGICAL ADVANCEMENT,2023 8
866,2023,facial_recognition,6,COMPUTER VISION,2023 6
867,2023,middle_east,1,GLOBAL LEADER,2023 1
868,2023,computer_vision,6,COMPUTER VISION,2023 6
869,2023,facebook_|,2,AR AND VR TECHNOLOGY,2023 2
870,2023,seamless_integration,8,TECHNOLOGICAL ADVANCEMENT,2023 8
871,2023,smart_city,8,TECHNOLOGICAL ADVANCEMENT,2023 8
872,2023,rapid_adoption,8,TECHNOLOGICAL ADVANCEMENT,2023 8
873,2023,image_processing,6,COMPUTER VISION,2023 6
874,2023,construction_site,0,AUTONOMOUS VEHICLE,2023 0
875,2023,fresh_perspective,5,BROAD CONTEXT,2023 5
876,2023,manufacture_facility,8,TECHNOLOGICAL ADVANCEMENT,2023 8
877,2023,primary_driver,8,TECHNOLOGICAL ADVANCEMENT,2023 8
878,2023,mass_production,0,AUTONOMOUS VEHICLE,2023 0
879,2023,specific_task,6,COMPUTER VISION,2023 6
880,2023,labor_cost,8,TECHNOLOGICAL ADVANCEMENT,2023 8
881,2023,on_premise,9,COMPUTE POWER,2023 9
882,2023,neural_network,6,COMPUTER VISION,2023 6
883,2023,edge_computing,8,TECHNOLOGICAL ADVANCEMENT,2023 8
884,2023,detailed_description,5,BROAD CONTEXT,2023 5
885,2023,compute_power,9,COMPUTE POWER,2023 9
886,2023,complex_environment,6,COMPUTER VISION,2023 6
887,2023,newsletter_subscription,4,NETWORK ATTENTION,2023 4
888,2023,self_drive_car,0,AUTONOMOUS VEHICLE,2023 0
889,2023,italy_spain,4,NETWORK ATTENTION,2023 4
890,2023,digital_content,7,REASON,2023 7
891,2023,unexpected_moment,2,AR AND VR TECHNOLOGY,2023 2
892,2023,predictive_maintenance,0,AUTONOMOUS VEHICLE,2023 0
893,2023,significant_news,4,NETWORK ATTENTION,2023 4
894,2023,comprehensive_coverage,5,BROAD CONTEXT,2023 5
895,2023,common_object,6,COMPUTER VISION,2023 6
896,2023,year,7,REASON,2023 7
897,2023,expert_advice,7,REASON,2023 7
898,2023,medical_imaging,6,COMPUTER VISION,2023 6
899,2023,physical_space,3,AR APPLICATION,2023 3
900,2023,inclement_weather,0,AUTONOMOUS VEHICLE,2023 0
901,2023,heavy_machinery,0,AUTONOMOUS VEHICLE,2023 0
902,2023,dynamic_landscape,8,TECHNOLOGICAL ADVANCEMENT,2023 8
903,2023,independent_machine,2,AR AND VR TECHNOLOGY,2023 2
904,2023,anomaly_detection,6,COMPUTER VISION,2023 6
905,2023,visual_information,6,COMPUTER VISION,2023 6
906,2023,3d_machine_vision_system,2,AR AND VR TECHNOLOGY,2023 2
907,2023,open_source_community,9,COMPUTE POWER,2023 9
908,2023,training_process,6,COMPUTER VISION,2023 6
909,2023,electronic_control_unit,0,AUTONOMOUS VEHICLE,2023 0
910,2023,indoor_setting,6,COMPUTER VISION,2023 6
911,2023,low_light,7,REASON,2023 7
912,2023,video_analytic,6,COMPUTER VISION,2023 6
913,2023,broad_context,5,BROAD CONTEXT,2023 5
914,2023,eye_tracking,6,COMPUTER VISION,2023 6
915,2023,noise_reduction,0,AUTONOMOUS VEHICLE,2023 0
916,2023,scalable_process,0,AUTONOMOUS VEHICLE,2023 0
917,2023,github_repository,9,COMPUTE POWER,2023 9
918,2023,empirical_study,5,BROAD CONTEXT,2023 5
919,2023,manual_inspection,0,AUTONOMOUS VEHICLE,2023 0
920,2023,associated_wiring,2,AR AND VR TECHNOLOGY,2023 2
921,2023,intelligent_camera,6,COMPUTER VISION,2023 6
922,2023,target_class,4,NETWORK ATTENTION,2023 4
923,2023,repeatable_framework,2,AR AND VR TECHNOLOGY,2023 2
924,2023,weekly_ai_update,4,NETWORK ATTENTION,2023 4
925,2023,information_security_management,7,REASON,2023 7
926,2023,munich_germany,4,NETWORK ATTENTION,2023 4
927,2023,dream_scenario,2,AR AND VR TECHNOLOGY,2023 2
928,2023,gold_award,4,NETWORK ATTENTION,2023 4
929,2023,contribution,5,BROAD CONTEXT,2023 5
930,2023,software_category,9,COMPUTE POWER,2023 9
931,2023,accurate_understanding,5,BROAD CONTEXT,2023 5
932,2023,benchmark_dataset,6,COMPUTER VISION,2023 6
933,2023,instance_segmentation,6,COMPUTER VISION,2023 6
934,2023,mobile_robotic,6,COMPUTER VISION,2023 6
935,2023,300_employee,1,GLOBAL LEADER,2023 1
936,2023,ar_and_vr_technology,2,AR AND VR TECHNOLOGY,2023 2
937,2023,meta_ai,4,NETWORK ATTENTION,2023 4
938,2023,join_force,4,NETWORK ATTENTION,2023 4
939,2023,sampling_rate,0,AUTONOMOUS VEHICLE,2023 0
940,2023,physical_and_digital_realm,2,AR AND VR TECHNOLOGY,2023 2
941,2023,non_technical_people,9,COMPUTE POWER,2023 9
942,2023,eda_tool,9,COMPUTE POWER,2023 9
943,2023,inference_speed,9,COMPUTE POWER,2023 9
944,2023,computer_vision_potential,4,NETWORK ATTENTION,2023 4
945,2023,computer_vision_use_case,4,NETWORK ATTENTION,2023 4
946,2023,bounding_box,6,COMPUTER VISION,2023 6
947,2023,single_pixel_detector,0,AUTONOMOUS VEHICLE,2023 0
948,2023,contextually_relevant_information,9,COMPUTE POWER,2023 9
949,2023,perception_systems,2,AR AND VR TECHNOLOGY,2023 2
950,2023,retail_and_commercial_real_estate,4,NETWORK ATTENTION,2023 4
951,2023,ml_workflow,9,COMPUTE POWER,2023 9
952,2023,disparate_set,5,BROAD CONTEXT,2023 5
953,2023,scene_reconstruction,6,COMPUTER VISION,2023 6
954,2023,media_information,4,NETWORK ATTENTION,2023 4
955,2023,ml_model_training,4,NETWORK ATTENTION,2023 4
956,2023,liquid_lense,0,AUTONOMOUS VEHICLE,2023 0
957,2023,field_analysis,5,BROAD CONTEXT,2023 5
958,2023,real_world_business_outcome,4,NETWORK ATTENTION,2023 4
959,2023,ml_activity,2,AR AND VR TECHNOLOGY,2023 2
960,2023,move_plane,4,NETWORK ATTENTION,2023 4
961,2023,video_intelligence_platform,4,NETWORK ATTENTION,2023 4
962,2023,2d_measurement,0,AUTONOMOUS VEHICLE,2023 0
963,2023,genuine_thank,2,AR AND VR TECHNOLOGY,2023 2
964,2023,ar_and_vr_system,4,NETWORK ATTENTION,2023 4
965,2023,automotive_oem_customer,1,GLOBAL LEADER,2023 1
966,2023,efficient_extraction,4,NETWORK ATTENTION,2023 4
967,2023,market_lead_model,4,NETWORK ATTENTION,2023 4
968,2023,deep_learning_base_object_recognition,4,NETWORK ATTENTION,2023 4
969,2023,commodity_hardware,4,NETWORK ATTENTION,2023 4
970,2023,important_feedback_loop,2,AR AND VR TECHNOLOGY,2023 2
971,2023,educational_simulation,2,AR AND VR TECHNOLOGY,2023 2
972,2023,transformer_base_encoder,4,NETWORK ATTENTION,2023 4
973,2023,single_object_recognition,4,NETWORK ATTENTION,2023 4
974,2023,the_object_class,4,NETWORK ATTENTION,2023 4
975,2023,customer_eagerness,2,AR AND VR TECHNOLOGY,2023 2
976,2023,80_category,4,NETWORK ATTENTION,2023 4
977,2023,heavy_communication_load,2,AR AND VR TECHNOLOGY,2023 2
978,2023,hand_and_body_movement,2,AR AND VR TECHNOLOGY,2023 2
979,2023,boat_detection,4,NETWORK ATTENTION,2023 4
980,2023,network_attention,4,NETWORK ATTENTION,2023 4
981,2023,fascinating_new_opportunity,4,NETWORK ATTENTION,2023 4
982,2023,distance_estimation,6,COMPUTER VISION,2023 6
983,2023,accurate_picking,2,AR AND VR TECHNOLOGY,2023 2
984,2023,hardware_and_software_development_kit,1,GLOBAL LEADER,2023 1
985,2023,field_service_work,2,AR AND VR TECHNOLOGY,2023 2
986,2023,privacy_policy_enforcement,2,AR AND VR TECHNOLOGY,2023 2
987,2023,medical_image_diagnostic_equipment,4,NETWORK ATTENTION,2023 4
988,2023,level_4_autonomous_trucking,4,NETWORK ATTENTION,2023 4
989,2023,object_detection_dataset,4,NETWORK ATTENTION,2023 4
990,2023,full_size_pattern,2,AR AND VR TECHNOLOGY,2023 2
991,2023,55_attribute,4,NETWORK ATTENTION,2023 4
992,2023,complicated_reconstruction_algorithm,4,NETWORK ATTENTION,2023 4
993,2023,image_caption_dataset,4,NETWORK ATTENTION,2023 4
994,2023,follow_advancement,2,AR AND VR TECHNOLOGY,2023 2
995,2023,part_mask,4,NETWORK ATTENTION,2023 4
996,2023,design_vision_system,4,NETWORK ATTENTION,2023 4
997,2023,machine_learning_improvement,4,NETWORK ATTENTION,2023 4
998,2024,information,8,CUSTOMER EXPERIENCE,2024 8
999,2024,artificial_intelligence,5,COMPUTER VISION,2024 5
1000,2024,crucial_role,4,DYNAMIC ENVIRONMENT,2024 4
1001,2024,next_step,8,CUSTOMER EXPERIENCE,2024 8
1002,2024,standard,8,CUSTOMER EXPERIENCE,2024 8
1003,2024,real_time,4,DYNAMIC ENVIRONMENT,2024 4
1004,2024,machine_learning,5,COMPUTER VISION,2024 5
1005,2024,large_language_model,2,INEXPERIENCED USER,2024 2
1006,2024,significant_improvement,3,EXTENSIVE DISCUSSION,2024 3
1007,2024,dataset,7,CLASSIFICATION TASK,2024 7
1008,2024,customer_experience,8,CUSTOMER EXPERIENCE,2024 8
1009,2024,ai_technology,5,COMPUTER VISION,2024 5
1010,2024,large_scale,4,DYNAMIC ENVIRONMENT,2024 4
1011,2024,significant_moment,9,FRESH PERSPECTIVE,2024 9
1012,2024,data_analysis,3,EXTENSIVE DISCUSSION,2024 3
1013,2024,security_personnel,4,DYNAMIC ENVIRONMENT,2024 4
1014,2024,potential_threat,4,DYNAMIC ENVIRONMENT,2024 4
1015,2024,provider,8,CUSTOMER EXPERIENCE,2024 8
1016,2024,flexibility,4,DYNAMIC ENVIRONMENT,2024 4
1017,2024,start_up,8,CUSTOMER EXPERIENCE,2024 8
1018,2024,senior_author,3,EXTENSIVE DISCUSSION,2024 3
1019,2024,innovative_feature,4,DYNAMIC ENVIRONMENT,2024 4
1020,2024,fresh_perspective,9,FRESH PERSPECTIVE,2024 9
1021,2024,computer_vision,5,COMPUTER VISION,2024 5
1022,2024,high_resolution_image,7,CLASSIFICATION TASK,2024 7
1023,2024,facial_recognition,5,COMPUTER VISION,2024 5
1024,2024,deep_supervision,7,CLASSIFICATION TASK,2024 7
1025,2024,full_control,4,DYNAMIC ENVIRONMENT,2024 4
1026,2024,natural_language_processing,5,COMPUTER VISION,2024 5
1027,2024,grow_market_need,8,CUSTOMER EXPERIENCE,2024 8
1028,2024,neural_network,7,CLASSIFICATION TASK,2024 7
1029,2024,raw_pixel_data,7,CLASSIFICATION TASK,2024 7
1030,2024,road_safety,4,DYNAMIC ENVIRONMENT,2024 4
1031,2024,drug_discovery,6,COMPUTATIONAL BIOLOGY,2024 6
1032,2024,local_image_content,2,INEXPERIENCED USER,2024 2
1033,2024,advantage,4,DYNAMIC ENVIRONMENT,2024 4
1034,2024,dynamic_environment,4,DYNAMIC ENVIRONMENT,2024 4
1035,2024,precision_medicine,6,COMPUTATIONAL BIOLOGY,2024 6
1036,2024,recent_paper,3,EXTENSIVE DISCUSSION,2024 3
1037,2024,high_school_student,0,FOUNDATIONAL KNOWLEDGE,2024 0
1038,2024,complex_problem,5,COMPUTER VISION,2024 5
1039,2024,similar_incident,4,DYNAMIC ENVIRONMENT,2024 4
1040,2024,match,4,DYNAMIC ENVIRONMENT,2024 4
1041,2024,newsletter_subscription,2,INEXPERIENCED USER,2024 2
1042,2024,significant_news,0,FOUNDATIONAL KNOWLEDGE,2024 0
1043,2024,bandwidth_efficiency,4,DYNAMIC ENVIRONMENT,2024 4
1044,2024,source_code,2,INEXPERIENCED USER,2024 2
1045,2024,rapid_advancement,5,COMPUTER VISION,2024 5
1046,2024,important_date,3,EXTENSIVE DISCUSSION,2024 3
1047,2024,autonomous_mobile_robot,4,DYNAMIC ENVIRONMENT,2024 4
1048,2024,spin_off,8,CUSTOMER EXPERIENCE,2024 8
1049,2024,financial_detail,8,CUSTOMER EXPERIENCE,2024 8
1050,2024,multiple_layer,4,DYNAMIC ENVIRONMENT,2024 4
1051,2024,environmental_monitoring,5,COMPUTER VISION,2024 5
1052,2024,medical_imaging,5,COMPUTER VISION,2024 5
1053,2024,foot_traffic,8,CUSTOMER EXPERIENCE,2024 8
1054,2024,background_noise,4,DYNAMIC ENVIRONMENT,2024 4
1055,2024,pre_train_model,7,CLASSIFICATION TASK,2024 7
1056,2024,remarkable_success,5,COMPUTER VISION,2024 5
1057,2024,global_business,8,CUSTOMER EXPERIENCE,2024 8
1058,2024,predictive_modeling,5,COMPUTER VISION,2024 5
1059,2024,product_name,8,CUSTOMER EXPERIENCE,2024 8
1060,2024,late_announcement,8,CUSTOMER EXPERIENCE,2024 8
1061,2024,postdoctoral_fellow,3,EXTENSIVE DISCUSSION,2024 3
1062,2024,fleet,4,DYNAMIC ENVIRONMENT,2024 4
1063,2024,early_warning,4,DYNAMIC ENVIRONMENT,2024 4
1064,2024,clinical_application,6,COMPUTATIONAL BIOLOGY,2024 6
1065,2024,human_factor,4,DYNAMIC ENVIRONMENT,2024 4
1066,2024,remote_sensing,5,COMPUTER VISION,2024 5
1067,2024,material_handling,4,DYNAMIC ENVIRONMENT,2024 4
1068,2024,protective_gear,4,DYNAMIC ENVIRONMENT,2024 4
1069,2024,production_site,4,DYNAMIC ENVIRONMENT,2024 4
1070,2024,cut_edge_performance,4,DYNAMIC ENVIRONMENT,2024 4
1071,2024,key_goal,4,DYNAMIC ENVIRONMENT,2024 4
1072,2024,research_effort,3,EXTENSIVE DISCUSSION,2024 3
1073,2024,biological_process,6,COMPUTATIONAL BIOLOGY,2024 6
1074,2024,class,4,DYNAMIC ENVIRONMENT,2024 4
1075,2024,embed_system,4,DYNAMIC ENVIRONMENT,2024 4
1076,2024,quick_decision_making,4,DYNAMIC ENVIRONMENT,2024 4
1077,2024,survey_finding,3,EXTENSIVE DISCUSSION,2024 3
1078,2024,literature_mining,6,COMPUTATIONAL BIOLOGY,2024 6
1079,2024,view,9,FRESH PERSPECTIVE,2024 9
1080,2024,complicated_relationship,9,FRESH PERSPECTIVE,2024 9
1081,2024,versatile_platform,6,COMPUTATIONAL BIOLOGY,2024 6
1082,2024,extensive_discussion,3,EXTENSIVE DISCUSSION,2024 3
1083,2024,intelligent_machine_vision,1,STATIC PROCESSING,2024 1
1084,2024,initial_test,3,EXTENSIVE DISCUSSION,2024 3
1085,2024,2024_deadline,0,FOUNDATIONAL KNOWLEDGE,2024 0
1086,2024,classification_task,7,CLASSIFICATION TASK,2024 7
1087,2024,object_detection,5,COMPUTER VISION,2024 5
1088,2024,follow_topic,3,EXTENSIVE DISCUSSION,2024 3
1089,2024,partner_ecosystem,8,CUSTOMER EXPERIENCE,2024 8
1090,2024,own_chip,2,INEXPERIENCED USER,2024 2
1091,2024,company_acquisition,8,CUSTOMER EXPERIENCE,2024 8
1092,2024,propose_approach,7,CLASSIFICATION TASK,2024 7
1093,2024,fulfillment_center,8,CUSTOMER EXPERIENCE,2024 8
1094,2024,foundational_knowledge,0,FOUNDATIONAL KNOWLEDGE,2024 0
1095,2024,low_accuracy,7,CLASSIFICATION TASK,2024 7
1096,2024,intelligent_computing,5,COMPUTER VISION,2024 5
1097,2024,computational_biology,6,COMPUTATIONAL BIOLOGY,2024 6
1098,2024,qualified_applicant,0,FOUNDATIONAL KNOWLEDGE,2024 0
1099,2024,autonomy,0,FOUNDATIONAL KNOWLEDGE,2024 0
1100,2024,grant_application,3,EXTENSIVE DISCUSSION,2024 3
1101,2024,special_issue,3,EXTENSIVE DISCUSSION,2024 3
1102,2024,online_listing,8,CUSTOMER EXPERIENCE,2024 8
1103,2024,share_journey,9,FRESH PERSPECTIVE,2024 9
1104,2024,houston_tx,3,EXTENSIVE DISCUSSION,2024 3
1105,2024,reduce_latency,4,DYNAMIC ENVIRONMENT,2024 4
1106,2024,limited_visibility,4,DYNAMIC ENVIRONMENT,2024 4
1107,2024,near_neighbor,7,CLASSIFICATION TASK,2024 7
1108,2024,home,9,FRESH PERSPECTIVE,2024 9
1109,2024,conventional_cmos_technology,6,COMPUTATIONAL BIOLOGY,2024 6
1110,2024,consumer_good_sector,8,CUSTOMER EXPERIENCE,2024 8
1111,2024,self_organization,4,DYNAMIC ENVIRONMENT,2024 4
1112,2024,conference_participant,3,EXTENSIVE DISCUSSION,2024 3
1113,2024,hybrid_architecture,4,DYNAMIC ENVIRONMENT,2024 4
1114,2024,additional_review,3,EXTENSIVE DISCUSSION,2024 3
1115,2024,health_informatic,5,COMPUTER VISION,2024 5
1116,2024,amd_zen,2,INEXPERIENCED USER,2024 2
1117,2024,single_sensor,7,CLASSIFICATION TASK,2024 7
1118,2024,gpu_power,2,INEXPERIENCED USER,2024 2
1119,2024,video_frame,7,CLASSIFICATION TASK,2024 7
1120,2024,k_nn,7,CLASSIFICATION TASK,2024 7
1121,2024,severe_challenge,4,DYNAMIC ENVIRONMENT,2024 4
1122,2024,descriptive_caption,2,INEXPERIENCED USER,2024 2
1123,2024,unique_part,9,FRESH PERSPECTIVE,2024 9
1124,2024,powerful_algorithm,7,CLASSIFICATION TASK,2024 7
1125,2024,cutting_edge_model,0,FOUNDATIONAL KNOWLEDGE,2024 0
1126,2024,complete_map,6,COMPUTATIONAL BIOLOGY,2024 6
1127,2024,abstract_submission,3,EXTENSIVE DISCUSSION,2024 3
1128,2024,hardware,2,INEXPERIENCED USER,2024 2
1129,2024,congenial_atmosphere,0,FOUNDATIONAL KNOWLEDGE,2024 0
1130,2024,eminent_scholar,9,FRESH PERSPECTIVE,2024 9
1131,2024,commission_time,4,DYNAMIC ENVIRONMENT,2024 4
1132,2024,health_and_health_care,0,FOUNDATIONAL KNOWLEDGE,2024 0
1133,2024,robust_tracking,7,CLASSIFICATION TASK,2024 7
1134,2024,researcher_approach,2,INEXPERIENCED USER,2024 2
1135,2024,fully_autonomous_operation,4,DYNAMIC ENVIRONMENT,2024 4
1136,2024,inexperienced_user,2,INEXPERIENCED USER,2024 2
1137,2024,automotive_manufacturer,4,DYNAMIC ENVIRONMENT,2024 4
1138,2024,abb_commitment,1,STATIC PROCESSING,2024 1
1139,2024,navigation_technology,0,FOUNDATIONAL KNOWLEDGE,2024 0
1140,2024,specific_consideration,0,FOUNDATIONAL KNOWLEDGE,2024 0
1141,2024,fix_and_mobile_object,1,STATIC PROCESSING,2024 1
1142,2024,ai_enable_robotic,1,STATIC PROCESSING,2024 1
1143,2024,early_registration,0,FOUNDATIONAL KNOWLEDGE,2024 0
1144,2024,stock_inventory,8,CUSTOMER EXPERIENCE,2024 8
1145,2024,automotive_and_logistic_industry,1,STATIC PROCESSING,2024 1
1146,2024,linear_production_line,1,STATIC PROCESSING,2024 1
1147,2024,unprecedented_combination,6,COMPUTATIONAL BIOLOGY,2024 6
1148,2024,biomedical_study,6,COMPUTATIONAL BIOLOGY,2024 6
1149,2024,bounding_box,7,CLASSIFICATION TASK,2024 7
1150,2024,future_martian_exploration,1,STATIC PROCESSING,2024 1
1151,2024,integrated_portfolio,8,CUSTOMER EXPERIENCE,2024 8
1152,2024,high_level_representation,7,CLASSIFICATION TASK,2024 7
1153,2024,cnn_rnn_model,1,STATIC PROCESSING,2024 1
1154,2024,image_inpainting,7,CLASSIFICATION TASK,2024 7
1155,2024,conditional_computation,2,INEXPERIENCED USER,2024 2
1156,2024,genome_evolution,6,COMPUTATIONAL BIOLOGY,2024 6
1157,2024,protein_structure_prediction,6,COMPUTATIONAL BIOLOGY,2024 6
1158,2024,ai_power_video_analytic,1,STATIC PROCESSING,2024 1
1159,2024,machine_automation_solution,1,STATIC PROCESSING,2024 1
1160,2024,optimal_hyperplane,7,CLASSIFICATION TASK,2024 7
1161,2024,amr,1,STATIC PROCESSING,2024 1
1162,2024,than_400_word,2,INEXPERIENCED USER,2024 2
1163,2024,network_communication_hardware,1,STATIC PROCESSING,2024 1
1164,2024,legendary_chip_architect_jim_keller,1,STATIC PROCESSING,2024 1
1165,2024,top_10_algorithms,1,STATIC PROCESSING,2024 1
1166,2024,fast_and_more_efficient_operation,1,STATIC PROCESSING,2024 1
1167,2024,detection_wavelength,1,STATIC PROCESSING,2024 1
1168,2024,fashion_value_chain,1,STATIC PROCESSING,2024 1
1169,2024,amr_portfolio,1,STATIC PROCESSING,2024 1
1170,2024,automotive_manufacturer_ford,1,STATIC PROCESSING,2024 1
1171,2024,low_dimensional_material,6,COMPUTATIONAL BIOLOGY,2024 6
1172,2024,minority_institute,0,FOUNDATIONAL KNOWLEDGE,2024 0
1173,2024,random_forests,7,CLASSIFICATION TASK,2024 7
1174,2024,highly_promising_result,6,COMPUTATIONAL BIOLOGY,2024 6
1175,2024,poor_robustness,7,CLASSIFICATION TASK,2024 7
1176,2024,instant_scalability,8,CUSTOMER EXPERIENCE,2024 8
1177,2024,female_trainee,0,FOUNDATIONAL KNOWLEDGE,2024 0
1178,2024,helpful_example,2,INEXPERIENCED USER,2024 2
1179,2024,static_processing,1,STATIC PROCESSING,2024 1
1180,2024,dim_target,7,CLASSIFICATION TASK,2024 7
1181,2024,fashion_domain,2,INEXPERIENCED USER,2024 2
1182,2024,information_bottleneck,7,CLASSIFICATION TASK,2024 7
1183,2024,compute_gradient,7,CLASSIFICATION TASK,2024 7
1184,2024,time_robot_user,1,STATIC PROCESSING,2024 1
1185,2024,assignment_feature,1,STATIC PROCESSING,2024 1
1186,2024,neighboring_pixel,7,CLASSIFICATION TASK,2024 7
1187,2024,above_two_issue,2,INEXPERIENCED USER,2024 2
1188,2024,original_paper_submission,1,STATIC PROCESSING,2024 1
1189,2024,oriented_gradients,7,CLASSIFICATION TASK,2024 7
1190,2024,correlate_manner,1,STATIC PROCESSING,2024 1
1191,2024,semantic_ontology,2,INEXPERIENCED USER,2024 2
1192,2024,frontend_sensor,1,STATIC PROCESSING,2024 1
1193,2024,e.g._ontology,2,INEXPERIENCED USER,2024 2
1194,2024,computer_vision_space,1,STATIC PROCESSING,2024 1
1195,2024,register_author,1,STATIC PROCESSING,2024 1
1196,2024,endless_application_possibility,1,STATIC PROCESSING,2024 1
1197,2024,basic_machine_learning_algorithm,1,STATIC PROCESSING,2024 1
1198,2024,optical_image_input,1,STATIC PROCESSING,2024 1
1199,2024,orientation_histogram,7,CLASSIFICATION TASK,2024 7
1200,2024,special_financial_support,0,FOUNDATIONAL KNOWLEDGE,2024 0
1201,2024,clinical_decision_support_solution,0,FOUNDATIONAL KNOWLEDGE,2024 0
1202,2024,correlation_strength,1,STATIC PROCESSING,2024 1
1203,2024,future_mars_orbiter,0,FOUNDATIONAL KNOWLEDGE,2024 0
1204,2024,conventional_convolution,1,STATIC PROCESSING,2024 1
1205,2024,integrative_functional_genomic,0,FOUNDATIONAL KNOWLEDGE,2024 0
1206,2024,optoelectronic_sensor,1,STATIC PROCESSING,2024 1
1207,2024,real_and_fake_image,1,STATIC PROCESSING,2024 1
1208,2024,kernel_weight,1,STATIC PROCESSING,2024 1
1209,2024,local_image_intensity_gradient,0,FOUNDATIONAL KNOWLEDGE,2024 0
1210,2024,complete_reference,2,INEXPERIENCED USER,2024 2
1211,2024,small_intensity_difference,1,STATIC PROCESSING,2024 1
1212,2024,adjacent_device,1,STATIC PROCESSING,2024 1
1213,2024,mature_growth,1,STATIC PROCESSING,2024 1
1214,2024,dr._banerjee,1,STATIC PROCESSING,2024 1
1215,2024,ms_coco,7,CLASSIFICATION TASK,2024 7
1216,2024,security_and_surveillance_tool,1,STATIC PROCESSING,2024 1
1217,2024,amr_fleet,1,STATIC PROCESSING,2024 1
1218,2024,ehr_base_phenotyping,2,INEXPERIENCED USER,2024 2
1219,2024,convolutional_pooling_and_fully_connect_layer,1,STATIC PROCESSING,2024 1
1220,2024,sensing_and_processing_capability,1,STATIC PROCESSING,2024 1
