,year,term,cluster_name,cluster,unique_cluster_name
0,2018,information,USER EXPERIENCE,2,2018 2
1,2018,globe_newswire,MYRIAD X,5,2018 5
2,2018,time,MICROSOFT CUSTOM VISION SERVICE,0,2018 0
3,2018,news,USER EXPERIENCE,2,2018 2
4,2018,product,USER EXPERIENCE,2,2018 2
5,2018,mobile_device,USER EXPERIENCE,2,2018 2
6,2018,real_world,AUTONOMOUS VEHICLE,8,2018 8
7,2018,next_step,USER EXPERIENCE,2,2018 2
8,2018,robot,AUTONOMOUS VEHICLE,8,2018 8
9,2018,artificial_intelligence,CHALLENGING TASK,3,2018 3
10,2018,machine_learning,CHALLENGING TASK,3,2018 3
11,2018,large_amount,CHALLENGING TASK,3,2018 3
12,2018,video,"1,000 CATEGORY",1,2018 1
13,2018,research_team,CHALLENGING TASK,3,2018 3
14,2018,training_time,SEMANTIC SEGMENTATION,6,2018 6
15,2018,key_player,MYRIAD X,5,2018 5
16,2018,data,CHALLENGING TASK,3,2018 3
17,2018,paper,"1,000 CATEGORY",1,2018 1
18,2018,system,ADDITIONAL HARDWARE,4,2018 4
19,2018,android_app,USER EXPERIENCE,2,2018 2
20,2018,late_version,USER EXPERIENCE,2,2018 2
21,2018,blog_post,USER EXPERIENCE,2,2018 2
22,2018,wide_variety,CHALLENGING TASK,3,2018 3
23,2018,low_cost,ADDITIONAL HARDWARE,4,2018 4
24,2018,recent_study,CHALLENGING TASK,3,2018 3
25,2018,ai_algorithm,SEMANTIC SEGMENTATION,6,2018 6
26,2018,deep_understanding,CHALLENGING TASK,3,2018 3
27,2018,little_bit,USER EXPERIENCE,2,2018 2
28,2018,type,CHALLENGING TASK,3,2018 3
29,2018,broad_range,CHALLENGING TASK,3,2018 3
30,2018,market_growth,MYRIAD X,5,2018 5
31,2018,autonomous_vehicle,AUTONOMOUS VEHICLE,8,2018 8
32,2018,virtual_reality,AUTONOMOUS VEHICLE,8,2018 8
33,2018,computational_model,CHALLENGING TASK,3,2018 3
34,2018,social_network,USER EXPERIENCE,2,2018 2
35,2018,forecast_period,MYRIAD X,5,2018 5
36,2018,application,CHALLENGING TASK,3,2018 3
37,2018,emerge_technology,CHALLENGING TASK,3,2018 3
38,2018,right_direction,USER EXPERIENCE,2,2018 2
39,2018,self_drive_car,AUTONOMOUS VEHICLE,8,2018 8
40,2018,high_speed,ADDITIONAL HARDWARE,4,2018 4
41,2018,grow_demand,MYRIAD X,5,2018 5
42,2018,general_public,CHALLENGING TASK,3,2018 3
43,2018,three_part,CHALLENGING TASK,3,2018 3
44,2018,advance,CHALLENGING TASK,3,2018 3
45,2018,user_experience,USER EXPERIENCE,2,2018 2
46,2018,function,ADDITIONAL HARDWARE,4,2018 4
47,2018,the_session,"1,000 CATEGORY",1,2018 1
48,2018,hurdle,ADDITIONAL HARDWARE,4,2018 4
49,2018,computer_science,"1,000 CATEGORY",1,2018 1
50,2018,energy_efficiency,ADDITIONAL HARDWARE,4,2018 4
51,2018,power_consumption,ADDITIONAL HARDWARE,4,2018 4
52,2018,neural_network,SEMANTIC SEGMENTATION,6,2018 6
53,2018,stride,MYRIAD X,5,2018 5
54,2018,solar_panel,ADDITIONAL HARDWARE,4,2018 4
55,2018,performance,SEMANTIC SEGMENTATION,6,2018 6
56,2018,facial_recognition,AUTONOMOUS VEHICLE,8,2018 8
57,2018,original_content,"1,000 CATEGORY",1,2018 1
58,2018,3d_printing,AUTONOMOUS VEHICLE,8,2018 8
59,2018,specific_need,CHALLENGING TASK,3,2018 3
60,2018,software_development_kit,USER EXPERIENCE,2,2018 2
61,2018,early_development,CHALLENGING TASK,3,2018 3
62,2018,long_distance,ADDITIONAL HARDWARE,4,2018 4
63,2018,embed_vision,MYRIAD X,5,2018 5
64,2018,security_camera,AUTONOMOUS VEHICLE,8,2018 8
65,2018,convenience_store,BRICK AND MORTAR STORE,9,2018 9
66,2018,chief_scientist,"1,000 CATEGORY",1,2018 1
67,2018,natural_language_processing,CHALLENGING TASK,3,2018 3
68,2018,image_sensor,FRAME RATE,7,2018 7
69,2018,phone_interview,"1,000 CATEGORY",1,2018 1
70,2018,researcher,CHALLENGING TASK,3,2018 3
71,2018,recent_item,"1,000 CATEGORY",1,2018 1
72,2018,tech_firm,USER EXPERIENCE,2,2018 2
73,2018,computer_vision_application,SEMANTIC SEGMENTATION,6,2018 6
74,2018,bad_weather,ADDITIONAL HARDWARE,4,2018 4
75,2018,challenging_task,CHALLENGING TASK,3,2018 3
76,2018,multiple_resolution,SEMANTIC SEGMENTATION,6,2018 6
77,2018,cambridge_analytica_scandal,USER EXPERIENCE,2,2018 2
78,2018,the_rest,"1,000 CATEGORY",1,2018 1
79,2018,high_resolution_color_image,FRAME RATE,7,2018 7
80,2018,small_scale,ADDITIONAL HARDWARE,4,2018 4
81,2018,drug_discovery,CHALLENGING TASK,3,2018 3
82,2018,community,CHALLENGING TASK,3,2018 3
83,2018,edge_computing,CHALLENGING TASK,3,2018 3
84,2018,progress,CHALLENGING TASK,3,2018 3
85,2018,imagenet_competition,"1,000 CATEGORY",1,2018 1
86,2018,important_decision,CHALLENGING TASK,3,2018 3
87,2018,day,"1,000 CATEGORY",1,2018 1
88,2018,valuable_information,CHALLENGING TASK,3,2018 3
89,2018,traffic_light,AUTONOMOUS VEHICLE,8,2018 8
90,2018,vision_relate_news,"1,000 CATEGORY",1,2018 1
91,2018,sneak_peek,USER EXPERIENCE,2,2018 2
92,2018,4_k,FRAME RATE,7,2018 7
93,2018,smart_home_gadget,USER EXPERIENCE,2,2018 2
94,2018,brick_and_mortar_store,BRICK AND MORTAR STORE,9,2018 9
95,2018,three_dimensional_structure,ADDITIONAL HARDWARE,4,2018 4
96,2018,industrial_automation,CHALLENGING TASK,3,2018 3
97,2018,form_factor,USER EXPERIENCE,2,2018 2
98,2018,complete_set,CHALLENGING TASK,3,2018 3
99,2018,move_object,SEMANTIC SEGMENTATION,6,2018 6
100,2018,open_source_software,USER EXPERIENCE,2,2018 2
101,2018,walmart_shelf,BRICK AND MORTAR STORE,9,2018 9
102,2018,dataset,SEMANTIC SEGMENTATION,6,2018 6
103,2018,feature_extraction,SEMANTIC SEGMENTATION,6,2018 6
104,2018,unmanned_aerial_vehicle,ADDITIONAL HARDWARE,4,2018 4
105,2018,initial_phase,ADDITIONAL HARDWARE,4,2018 4
106,2018,frame_rate,FRAME RATE,7,2018 7
107,2018,sensitivity,ADDITIONAL HARDWARE,4,2018 4
108,2018,company_spokesperson,USER EXPERIENCE,2,2018 2
109,2018,multi_viewpoint_camera,FRAME RATE,7,2018 7
110,2018,unique_design,ADDITIONAL HARDWARE,4,2018 4
111,2018,enhance_capability,ADDITIONAL HARDWARE,4,2018 4
112,2018,next_generation_opportunity,"1,000 CATEGORY",1,2018 1
113,2018,electronic_industry,MYRIAD X,5,2018 5
114,2018,amazon_go,BRICK AND MORTAR STORE,9,2018 9
115,2018,instagram_photo,"1,000 CATEGORY",1,2018 1
116,2018,impressive_result,SEMANTIC SEGMENTATION,6,2018 6
117,2018,manage_editor,"1,000 CATEGORY",1,2018 1
118,2018,processor_architecture,ADDITIONAL HARDWARE,4,2018 4
119,2018,medical_imaging,CHALLENGING TASK,3,2018 3
120,2018,corporate_vice_president,USER EXPERIENCE,2,2018 2
121,2018,fashion_model,"1,000 CATEGORY",1,2018 1
122,2018,facebook_ai_research_fair,"1,000 CATEGORY",1,2018 1
123,2018,single_chip,ADDITIONAL HARDWARE,4,2018 4
124,2018,visual_inspection,ADDITIONAL HARDWARE,4,2018 4
125,2018,google_system,USER EXPERIENCE,2,2018 2
126,2018,eweek_and_the_it_business_edge_network,USER EXPERIENCE,2,2018 2
127,2018,last_mile_delivery,BRICK AND MORTAR STORE,9,2018 9
128,2018,distinguished_professor,"1,000 CATEGORY",1,2018 1
129,2018,0.4s_ease,FRAME RATE,7,2018 7
130,2018,o_transition,FRAME RATE,7,2018 7
131,2018,.centered_text_area_min_height,FRAME RATE,7,2018 7
132,2018,moz_box_shadow,FRAME RATE,7,2018 7
133,2018,0_1px_2px,FRAME RATE,7,2018 7
134,2018,challenge,CHALLENGING TASK,3,2018 3
135,2018,click,USER EXPERIENCE,2,2018 2
136,2018,advisory_role,"1,000 CATEGORY",1,2018 1
137,2018,advanced_driver_assistance_system,AUTONOMOUS VEHICLE,8,2018 8
138,2018,harmful_bacteria,MICROSOFT CUSTOM VISION SERVICE,0,2018 0
139,2018,human_action,CHALLENGING TASK,3,2018 3
140,2018,superior_dynamic_range,FRAME RATE,7,2018 7
141,2018,capture_condition,FRAME RATE,7,2018 7
142,2018,commercial_deployment,ADDITIONAL HARDWARE,4,2018 4
143,2018,complex_calculation,ADDITIONAL HARDWARE,4,2018 4
144,2018,convolutional_layer,SEMANTIC SEGMENTATION,6,2018 6
145,2018,two_process,CHALLENGING TASK,3,2018 3
146,2018,platform_policy,USER EXPERIENCE,2,2018 2
147,2018,additional_hardware,ADDITIONAL HARDWARE,4,2018 4
148,2018,only_requirement,CHALLENGING TASK,3,2018 3
149,2018,immediate_vicinity,ADDITIONAL HARDWARE,4,2018 4
150,2018,checkout_line,BRICK AND MORTAR STORE,9,2018 9
151,2018,google_pixel,USER EXPERIENCE,2,2018 2
152,2018,reset_noise,FRAME RATE,7,2018 7
153,2018,smart_doorbell_camera,"1,000 CATEGORY",1,2018 1
154,2018,special_purpose,CHALLENGING TASK,3,2018 3
155,2018,ar_glass,AUTONOMOUS VEHICLE,8,2018 8
156,2018,thumb_drive,USER EXPERIENCE,2,2018 2
157,2018,gesture_control,AUTONOMOUS VEHICLE,8,2018 8
158,2018,automate_analysis,SEMANTIC SEGMENTATION,6,2018 6
159,2018,facebook_director,USER EXPERIENCE,2,2018 2
160,2018,thermal_requirement,ADDITIONAL HARDWARE,4,2018 4
161,2018,search_space,SEMANTIC SEGMENTATION,6,2018 6
162,2018,field_programmable_gate_array,ADDITIONAL HARDWARE,4,2018 4
163,2018,place,"1,000 CATEGORY",1,2018 1
164,2018,cfe_media_content_partner,MYRIAD X,5,2018 5
165,2018,english_word,"1,000 CATEGORY",1,2018 1
166,2018,secure_boot,USER EXPERIENCE,2,2018 2
167,2018,linkedin_group,"1,000 CATEGORY",1,2018 1
168,2018,real_time_object_classification,FRAME RATE,7,2018 7
169,2018,internet.com_network,USER EXPERIENCE,2,2018 2
170,2018,blind_people,AUTONOMOUS VEHICLE,8,2018 8
171,2018,usb_3.0_port,USER EXPERIENCE,2,2018 2
172,2018,iphone_camera,FRAME RATE,7,2018 7
173,2018,vision_conference,"1,000 CATEGORY",1,2018 1
174,2018,full_rundown,USER EXPERIENCE,2,2018 2
175,2018,immediate_next_step,"1,000 CATEGORY",1,2018 1
176,2018,convnet_architecture,"1,000 CATEGORY",1,2018 1
177,2018,patient_skin,ADDITIONAL HARDWARE,4,2018 4
178,2018,old_memory,"1,000 CATEGORY",1,2018 1
179,2018,"1,500_microquadrants",MYRIAD X,5,2018 5
180,2018,machine_maker,MYRIAD X,5,2018 5
181,2018,following_screenshot,USER EXPERIENCE,2,2018 2
182,2018,white_suit,"1,000 CATEGORY",1,2018 1
183,2018,github_page,USER EXPERIENCE,2,2018 2
184,2018,open_sourcing,USER EXPERIENCE,2,2018 2
185,2018,pixel_value,FRAME RATE,7,2018 7
186,2018,f8_developer_conference,USER EXPERIENCE,2,2018 2
187,2018,print_text,"1,000 CATEGORY",1,2018 1
188,2018,rapid_implementation,ADDITIONAL HARDWARE,4,2018 4
189,2018,minimal_loss,SEMANTIC SEGMENTATION,6,2018 6
190,2018,cashierless_store,BRICK AND MORTAR STORE,9,2018 9
191,2018,1.5_percentage_point,"1,000 CATEGORY",1,2018 1
192,2018,lane_keeping,AUTONOMOUS VEHICLE,8,2018 8
193,2018,$_500_million_investment,MYRIAD X,5,2018 5
194,2018,bright_scene,FRAME RATE,7,2018 7
195,2018,dr._li,"1,000 CATEGORY",1,2018 1
196,2018,negative_feedback_loop,CHALLENGING TASK,3,2018 3
197,2018,|_receive_e_mail_update,MICROSOFT CUSTOM VISION SERVICE,0,2018 0
198,2018,vendor_or_system_integrator,"1,000 CATEGORY",1,2018 1
199,2018,weakly_supervise_learning,SEMANTIC SEGMENTATION,6,2018 6
200,2018,contextual_awareness,CHALLENGING TASK,3,2018 3
201,2018,press_kit,"1,000 CATEGORY",1,2018 1
202,2018,semantic_segmentation,SEMANTIC SEGMENTATION,6,2018 6
203,2018,parking_assist,AUTONOMOUS VEHICLE,8,2018 8
204,2018,bounding_box,SEMANTIC SEGMENTATION,6,2018 6
205,2018,original_investor,MYRIAD X,5,2018 5
206,2018,oven_temperature,ADDITIONAL HARDWARE,4,2018 4
207,2018,a.i._research,MYRIAD X,5,2018 5
208,2018,popular_database,USER EXPERIENCE,2,2018 2
209,2018,simple_drag,USER EXPERIENCE,2,2018 2
210,2018,agricultural_drone,ADDITIONAL HARDWARE,4,2018 4
211,2018,there_’_hope,"1,000 CATEGORY",1,2018 1
212,2018,world_lead_technology_company,MYRIAD X,5,2018 5
213,2018,entirely_different_thing,"1,000 CATEGORY",1,2018 1
214,2018,aia_website,"1,000 CATEGORY",1,2018 1
215,2018,amazing_level,MYRIAD X,5,2018 5
216,2018,unnamed_investor,MYRIAD X,5,2018 5
217,2018,robotic_guidance,ADDITIONAL HARDWARE,4,2018 4
218,2018,motion_artifact,ADDITIONAL HARDWARE,4,2018 4
219,2018,accompany_hashtag,"1,000 CATEGORY",1,2018 1
220,2018,trade_off,SEMANTIC SEGMENTATION,6,2018 6
221,2018,nearly_200_employee,MYRIAD X,5,2018 5
222,2018,three_big_challenge,"1,000 CATEGORY",1,2018 1
223,2018,service_mix,"1,000 CATEGORY",1,2018 1
224,2018,fei_fei_li,"1,000 CATEGORY",1,2018 1
225,2018,export_format,USER EXPERIENCE,2,2018 2
226,2018,dot_product,SEMANTIC SEGMENTATION,6,2018 6
227,2018,flir_systems,MYRIAD X,5,2018 5
228,2018,indirect_time,"1,000 CATEGORY",1,2018 1
229,2018,openvino_toolkit,MYRIAD X,5,2018 5
230,2018,dedicated_neural_compute_engine,MYRIAD X,5,2018 5
231,2018,advanced_digital_imaging_solution,FRAME RATE,7,2018 7
232,2018,small_grocery,BRICK AND MORTAR STORE,9,2018 9
233,2018,attention_mechanism,SEMANTIC SEGMENTATION,6,2018 6
234,2018,open_source_ai_framework,"1,000 CATEGORY",1,2018 1
235,2018,coco_object_detection,"1,000 CATEGORY",1,2018 1
236,2018,mask_r_cnn,SEMANTIC SEGMENTATION,6,2018 6
237,2018,masked_face,"1,000 CATEGORY",1,2018 1
238,2018,360_capital_partners,MYRIAD X,5,2018 5
239,2018,intelligence,MYRIAD X,5,2018 5
240,2018,array_conversion,FRAME RATE,7,2018 7
241,2018,layer,ADDITIONAL HARDWARE,4,2018 4
242,2018,cedar_waxwing,ADDITIONAL HARDWARE,4,2018 4
243,2018,global_shutter_operation,FRAME RATE,7,2018 7
244,2018,linux_base_os,USER EXPERIENCE,2,2018 2
245,2018,non_trivial_problem,SEMANTIC SEGMENTATION,6,2018 6
246,2018,fiducial_marker,ADDITIONAL HARDWARE,4,2018 4
247,2018,bossa_nova_robot,BRICK AND MORTAR STORE,9,2018 9
248,2018,custom_vision_model,MICROSOFT CUSTOM VISION SERVICE,0,2018 0
249,2018,object_recognition_research,"1,000 CATEGORY",1,2018 1
250,2018,weight_matrix,SEMANTIC SEGMENTATION,6,2018 6
251,2018,strong_enhancement,ADDITIONAL HARDWARE,4,2018 4
252,2018,zero_coding,USER EXPERIENCE,2,2018 2
253,2018,2017_2022_period,MYRIAD X,5,2018 5
254,2018,cursory_understanding,"1,000 CATEGORY",1,2018 1
255,2018,cashier_less_grocery_store,MICROSOFT CUSTOM VISION SERVICE,0,2018 0
256,2018,intel_movidius,MYRIAD X,5,2018 5
257,2018,event_base_approach,CHALLENGING TASK,3,2018 3
258,2018,intel_vpu,MICROSOFT CUSTOM VISION SERVICE,0,2018 0
259,2018,electronic_mirror,FRAME RATE,7,2018 7
260,2018,both_bright_and_dark_area,FRAME RATE,7,2018 7
261,2018,production_ecosystem,"1,000 CATEGORY",1,2018 1
262,2018,intel_movidius_myriad,MICROSOFT CUSTOM VISION SERVICE,0,2018 0
263,2018,extensive_guideline,"1,000 CATEGORY",1,2018 1
264,2018,e_commerce_and_cloud_compute_giant,MICROSOFT CUSTOM VISION SERVICE,0,2018 0
265,2018,smart_ai_algorithm,MICROSOFT CUSTOM VISION SERVICE,0,2018 0
266,2018,2018_worldwide_developers_conference,"1,000 CATEGORY",1,2018 1
267,2018,object_detection_research,"1,000 CATEGORY",1,2018 1
268,2018,movidius_myriad_2_vision_processing_unit,MICROSOFT CUSTOM VISION SERVICE,0,2018 0
269,2018,intel_movidius_myriad_x_vpu,MICROSOFT CUSTOM VISION SERVICE,0,2018 0
270,2018,smart_barcode_reader,MICROSOFT CUSTOM VISION SERVICE,0,2018 0
271,2018,flir_firefly,MICROSOFT CUSTOM VISION SERVICE,0,2018 0
272,2018,2_vpu,MICROSOFT CUSTOM VISION SERVICE,0,2018 0
273,2018,microsoft_custom_vision_service,MICROSOFT CUSTOM VISION SERVICE,0,2018 0
274,2018,arm_cortex_cpu,MYRIAD X,5,2018 5
275,2018,market_opportunity,"1,000 CATEGORY",1,2018 1
276,2018,resolution_speed,USER EXPERIENCE,2,2018 2
277,2018,"17,000_hashtag",MICROSOFT CUSTOM VISION SERVICE,0,2018 0
278,2018,open_visual_inference,MICROSOFT CUSTOM VISION SERVICE,0,2018 0
279,2018,background_clutter,SEMANTIC SEGMENTATION,6,2018 6
280,2018,intel_movidius_myriad_2_vpu,MICROSOFT CUSTOM VISION SERVICE,0,2018 0
281,2018,"1,000_category","1,000 CATEGORY",1,2018 1
282,2018,code_free_way,MICROSOFT CUSTOM VISION SERVICE,0,2018 0
283,2018,faster_rcnn,SEMANTIC SEGMENTATION,6,2018 6
284,2018,intel_movidius_myriad_2_vision_processing_unit,MICROSOFT CUSTOM VISION SERVICE,0,2018 0
285,2018,cvflow_architecture,MICROSOFT CUSTOM VISION SERVICE,0,2018 0
286,2018,soc,MYRIAD X,5,2018 5
287,2018,one_potential_answer,"1,000 CATEGORY",1,2018 1
288,2018,intel_neural_compute_stick,MICROSOFT CUSTOM VISION SERVICE,0,2018 0
289,2018,lot_more_use_case,"1,000 CATEGORY",1,2018 1
290,2018,imagenet_validation_set,MICROSOFT CUSTOM VISION SERVICE,0,2018 0
291,2018,$_250_m_deal,MYRIAD X,5,2018 5
292,2018,myriad_x,MYRIAD X,5,2018 5
293,2018,automatic_categorization,SEMANTIC SEGMENTATION,6,2018 6
294,2018,2_vision_processing_unit,MICROSOFT CUSTOM VISION SERVICE,0,2018 0
295,2018,3.5_billion_publicly_available_photo,MICROSOFT CUSTOM VISION SERVICE,0,2018 0
296,2018,firefly_camera,MICROSOFT CUSTOM VISION SERVICE,0,2018 0
297,2018,ml_core,MICROSOFT CUSTOM VISION SERVICE,0,2018 0
298,2018,ai_and_computer_vision_application,MICROSOFT CUSTOM VISION SERVICE,0,2018 0
299,2018,movidius_vision_processing_unit,MICROSOFT CUSTOM VISION SERVICE,0,2018 0
300,2018,give_optical_format,MICROSOFT CUSTOM VISION SERVICE,0,2018 0
301,2018,pixel_functionality,MICROSOFT CUSTOM VISION SERVICE,0,2018 0
302,2018,facebook_ai_research_team,MICROSOFT CUSTOM VISION SERVICE,0,2018 0
303,2018,x_class_family,MICROSOFT CUSTOM VISION SERVICE,0,2018 0
304,2018,image_analysis_professional,MICROSOFT CUSTOM VISION SERVICE,0,2018 0
305,2018,complex_and_subjective_problem,MICROSOFT CUSTOM VISION SERVICE,0,2018 0
306,2018,$_29_million_funding_round,MICROSOFT CUSTOM VISION SERVICE,0,2018 0
307,2018,standard_usb_thumb_drive,MICROSOFT CUSTOM VISION SERVICE,0,2018 0
308,2018,bot_review,MICROSOFT CUSTOM VISION SERVICE,0,2018 0
309,2018,compact_and_low_power_camera,MICROSOFT CUSTOM VISION SERVICE,0,2018 0
310,2018,maximum_image_detail,MICROSOFT CUSTOM VISION SERVICE,0,2018 0
311,2018,specific_subset,MICROSOFT CUSTOM VISION SERVICE,0,2018 0
312,2018,multiple_stick,MICROSOFT CUSTOM VISION SERVICE,0,2018 0
313,2018,caffe2_deep_learning_framework,"1,000 CATEGORY",1,2018 1
314,2018,dsp_controller,ADDITIONAL HARDWARE,4,2018 4
315,2018,best_student_paper_award,"1,000 CATEGORY",1,2018 1
316,2018,myriad_™_2_vision_processing_unit,MICROSOFT CUSTOM VISION SERVICE,0,2018 0
317,2018,neural_compute_engine,MICROSOFT CUSTOM VISION SERVICE,0,2018 0
318,2018,i_o_virtualization,USER EXPERIENCE,2,2018 2
319,2018,tensorflow_objection_detection_api,MICROSOFT CUSTOM VISION SERVICE,0,2018 0
320,2018,intel_ncs2,MICROSOFT CUSTOM VISION SERVICE,0,2018 0
321,2018,ai_algorithm_and_computer_vision_system,MICROSOFT CUSTOM VISION SERVICE,0,2018 0
322,2018,movidius_myriad,MICROSOFT CUSTOM VISION SERVICE,0,2018 0
323,2018,"up_100,000_frame",MICROSOFT CUSTOM VISION SERVICE,0,2018 0
324,2018,cmos_image_technology,MICROSOFT CUSTOM VISION SERVICE,0,2018 0
325,2018,$_420_million_contract,MICROSOFT CUSTOM VISION SERVICE,0,2018 0
326,2018,advanced_vision_processing,MICROSOFT CUSTOM VISION SERVICE,0,2018 0
327,2018,self_contain_neural_network,MICROSOFT CUSTOM VISION SERVICE,0,2018 0
328,2018,optical_format,MICROSOFT CUSTOM VISION SERVICE,0,2018 0
329,2018,long_and_interesting_journey,MICROSOFT CUSTOM VISION SERVICE,0,2018 0
330,2018,large_series,"1,000 CATEGORY",1,2018 1
331,2018,trainer,"1,000 CATEGORY",1,2018 1
332,2018,"20,000_category",MICROSOFT CUSTOM VISION SERVICE,0,2018 0
333,2018,black_level_clamping,FRAME RATE,7,2018 7
334,2018,common_objects,"1,000 CATEGORY",1,2018 1
335,2018,carnegie_mellon_university_spinoff,MYRIAD X,5,2018 5
336,2018,know_benchmark_dataset,SEMANTIC SEGMENTATION,6,2018 6
337,2018,asil_b_support,MICROSOFT CUSTOM VISION SERVICE,0,2018 0
338,2018,ai_developer_conference,MICROSOFT CUSTOM VISION SERVICE,0,2018 0
339,2018,microsoft_intelligent_service,MICROSOFT CUSTOM VISION SERVICE,0,2018 0
340,2018,b._the_company,MICROSOFT CUSTOM VISION SERVICE,0,2018 0
341,2018,intelligent_headlight_control,MICROSOFT CUSTOM VISION SERVICE,0,2018 0
342,2018,custom_tensorflow_lite_model,MICROSOFT CUSTOM VISION SERVICE,0,2018 0
343,2018,ceo_luca_verre,"1,000 CATEGORY",1,2018 1
344,2018,ic_insights_study,MICROSOFT CUSTOM VISION SERVICE,0,2018 0
345,2018,near_and_long_term_strategy,"1,000 CATEGORY",1,2018 1
346,2018,large_object_surface,MICROSOFT CUSTOM VISION SERVICE,0,2018 0
347,2018,cabin_monitor_camera,MICROSOFT CUSTOM VISION SERVICE,0,2018 0
348,2018,how_early_experiment,MICROSOFT CUSTOM VISION SERVICE,0,2018 0
349,2018,how_similar_technique,"1,000 CATEGORY",1,2018 1
350,2018,cmos_imaging_solution,MICROSOFT CUSTOM VISION SERVICE,0,2018 0
351,2018,interior_driver,AUTONOMOUS VEHICLE,8,2018 8
352,2018,imagenet_image_classification,MICROSOFT CUSTOM VISION SERVICE,0,2018 0
353,2018,melanoma_and_asl_classification,MICROSOFT CUSTOM VISION SERVICE,0,2018 0
354,2018,self_guide_camera_drone,MICROSOFT CUSTOM VISION SERVICE,0,2018 0
355,2018,programming_pleasure,MICROSOFT CUSTOM VISION SERVICE,0,2018 0
356,2018,fast_photoelectric_conversion,MICROSOFT CUSTOM VISION SERVICE,0,2018 0
357,2018,available_light_intensity,"1,000 CATEGORY",1,2018 1
358,2018,labeled_and_unlabele_dataset,MICROSOFT CUSTOM VISION SERVICE,0,2018 0
359,2018,advanced_cyber_security_feature,"1,000 CATEGORY",1,2018 1
360,2018,"100,000_category",MICROSOFT CUSTOM VISION SERVICE,0,2018 0
361,2018,checker_play_robot,MICROSOFT CUSTOM VISION SERVICE,0,2018 0
362,2018,network_edge_device,MICROSOFT CUSTOM VISION SERVICE,0,2018 0
363,2018,0.3_mpixel,MICROSOFT CUSTOM VISION SERVICE,0,2018 0
364,2018,computer_vision_advancement,MICROSOFT CUSTOM VISION SERVICE,0,2018 0
365,2018,10_nm_process_technology,"1,000 CATEGORY",1,2018 1
366,2018,1.9_million_image,MICROSOFT CUSTOM VISION SERVICE,0,2018 0
367,2019,information,REAL WORLD,5,2019 5
368,2019,time,LIQUID LENS,8,2019 8
369,2019,globe_newswire,FAST HARDWARE,4,2019 4
370,2019,press_release,INDUSTRY LEADER,6,2019 6
371,2019,real_world,REAL WORLD,5,2019 5
372,2019,key_role,EMERGE TECHNOLOGY,2,2019 2
373,2019,product,INDUSTRY LEADER,6,2019 6
374,2019,artificial_intelligence,EMERGE TECHNOLOGY,2,2019 2
375,2019,chief_executive_officer,INDUSTRY LEADER,6,2019 6
376,2019,machine_learning,EMERGE TECHNOLOGY,2,2019 2
377,2019,picture,REAL WORLD,5,2019 5
378,2019,unblock_follow,FAST HARDWARE,4,2019 4
379,2019,co_founder,INDUSTRY LEADER,6,2019 6
380,2019,next_step,REAL WORLD,5,2019 5
381,2019,industry_leader,INDUSTRY LEADER,6,2019 6
382,2019,important_part,EMERGE TECHNOLOGY,2,2019 2
383,2019,way,REAL WORLD,5,2019 5
384,2019,increase_demand,EMERGE TECHNOLOGY,2,2019 2
385,2019,data_scientist,EMERGE TECHNOLOGY,2,2019 2
386,2019,battery_life,REAL WORLD,5,2019 5
387,2019,insight,DEEP UNDERSTANDING,1,2019 1
388,2019,side,LIQUID LENS,8,2019 8
389,2019,practice,INDUSTRY LEADER,6,2019 6
390,2019,food_industry,EMERGE TECHNOLOGY,2,2019 2
391,2019,forecast_period,DEEP UNDERSTANDING,1,2019 1
392,2019,low_cost,EMERGE TECHNOLOGY,2,2019 2
393,2019,end_user,EMERGE TECHNOLOGY,2,2019 2
394,2019,wide_variety,EMERGE TECHNOLOGY,2,2019 2
395,2019,emerge_technology,EMERGE TECHNOLOGY,2,2019 2
396,2019,blog_post,INDUSTRY LEADER,6,2019 6
397,2019,broad_range,EMERGE TECHNOLOGY,2,2019 2
398,2019,computer_science,PH.D. STUDENT,7,2019 7
399,2019,business_model,INDUSTRY LEADER,6,2019 6
400,2019,ai_system,EMERGE TECHNOLOGY,2,2019 2
401,2019,recent_study,PH.D. STUDENT,7,2019 7
402,2019,research_team,PH.D. STUDENT,7,2019 7
403,2019,grow_trend,EMERGE TECHNOLOGY,2,2019 2
404,2019,autonomous_vehicle,EMERGE TECHNOLOGY,2,2019 2
405,2019,deep_understanding,DEEP UNDERSTANDING,1,2019 1
406,2019,huge_amount,REAL WORLD,5,2019 5
407,2019,academic_expert,DEEP UNDERSTANDING,1,2019 1
408,2019,people,REAL WORLD,5,2019 5
409,2019,complex_problem,LARGE DATASET,3,2019 3
410,2019,intellectual_property,DEEP UNDERSTANDING,1,2019 1
411,2019,one_piece,DEEP UNDERSTANDING,1,2019 1
412,2019,small_group,DEEP UNDERSTANDING,1,2019 1
413,2019,facial_recognition,REAL WORLD,5,2019 5
414,2019,sponsor_opportunity,PH.D. STUDENT,7,2019 7
415,2019,high_performance,EMERGE TECHNOLOGY,2,2019 2
416,2019,self_drive_car,EMERGE TECHNOLOGY,2,2019 2
417,2019,tech_giant,INDUSTRY LEADER,6,2019 6
418,2019,neural_network,LARGE DATASET,3,2019 3
419,2019,researcher,DEEP UNDERSTANDING,1,2019 1
420,2019,size,DEEP UNDERSTANDING,1,2019 1
421,2019,data_set,LARGE DATASET,3,2019 3
422,2019,the_session,DEEP UNDERSTANDING,1,2019 1
423,2019,open_source,EMERGE TECHNOLOGY,2,2019 2
424,2019,event,DEEP UNDERSTANDING,1,2019 1
425,2019,living_room,REAL WORLD,5,2019 5
426,2019,potential,LARGE DATASET,3,2019 3
427,2019,company_ability,INDUSTRY LEADER,6,2019 6
428,2019,model,LARGE DATASET,3,2019 3
429,2019,virtual_reality,REAL WORLD,5,2019 5
430,2019,embed_vision,EMERGE TECHNOLOGY,2,2019 2
431,2019,energy_consumption,EMERGE TECHNOLOGY,2,2019 2
432,2019,natural_language_processing,LARGE DATASET,3,2019 3
433,2019,carbon_footprint,EMERGE TECHNOLOGY,2,2019 2
434,2019,fundamental_data,DEEP UNDERSTANDING,1,2019 1
435,2019,power_source,EMERGE TECHNOLOGY,2,2019 2
436,2019,smart_city,EMERGE TECHNOLOGY,2,2019 2
437,2019,financial_term,INDUSTRY LEADER,6,2019 6
438,2019,large_market,EMERGE TECHNOLOGY,2,2019 2
439,2019,image_sensor,REAL WORLD,5,2019 5
440,2019,cite_source,COCO DATA SET,0,2019 0
441,2019,process,DEEP UNDERSTANDING,1,2019 1
442,2019,significant_improvement,LARGE DATASET,3,2019 3
443,2019,economic_condition,DEEP UNDERSTANDING,1,2019 1
444,2019,human_brain,DEEP UNDERSTANDING,1,2019 1
445,2019,glance,REAL WORLD,5,2019 5
446,2019,graduate_student,PH.D. STUDENT,7,2019 7
447,2019,advanced_analytic,EMERGE TECHNOLOGY,2,2019 2
448,2019,result,LARGE DATASET,3,2019 3
449,2019,computer_vision_application,LARGE DATASET,3,2019 3
450,2019,late_round,INDUSTRY LEADER,6,2019 6
451,2019,phone_interview,DEEP UNDERSTANDING,1,2019 1
452,2019,coco_data_set,COCO DATA SET,0,2019 0
453,2019,32_gb,REAL WORLD,5,2019 5
454,2019,driverless_car,EMERGE TECHNOLOGY,2,2019 2
455,2019,specific_location,DEEP UNDERSTANDING,1,2019 1
456,2019,consumer_electronic,EMERGE TECHNOLOGY,2,2019 2
457,2019,future_direction,DEEP UNDERSTANDING,1,2019 1
458,2019,ultra_low_power_consumption,EMERGE TECHNOLOGY,2,2019 2
459,2019,microsoft_azure,EMERGE TECHNOLOGY,2,2019 2
460,2019,application,LARGE DATASET,3,2019 3
461,2019,software_developer,EMERGE TECHNOLOGY,2,2019 2
462,2019,almost_everything,REAL WORLD,5,2019 5
463,2019,annual_award,PH.D. STUDENT,7,2019 7
464,2019,14_million_image,FAST HARDWARE,4,2019 4
465,2019,point,DEEP UNDERSTANDING,1,2019 1
466,2019,object_detection,LARGE DATASET,3,2019 3
467,2019,traffic_light,EMERGE TECHNOLOGY,2,2019 2
468,2019,unique_challenge,EMERGE TECHNOLOGY,2,2019 2
469,2019,quality_assurance,DEEP UNDERSTANDING,1,2019 1
470,2019,aspect,EMERGE TECHNOLOGY,2,2019 2
471,2019,continued_success,EMERGE TECHNOLOGY,2,2019 2
472,2019,accuracy_gap,LARGE DATASET,3,2019 3
473,2019,talented_team,INDUSTRY LEADER,6,2019 6
474,2019,early_access,INDUSTRY LEADER,6,2019 6
475,2019,voice_control,REAL WORLD,5,2019 5
476,2019,digital_camera,REAL WORLD,5,2019 5
477,2019,self_attention,LARGE DATASET,3,2019 3
478,2019,solution,LARGE DATASET,3,2019 3
479,2019,feature_extraction,LARGE DATASET,3,2019 3
480,2019,large_dataset,LARGE DATASET,3,2019 3
481,2019,surround_environment,DEEP UNDERSTANDING,1,2019 1
482,2019,pc_base_machine_vision_system,EMERGE TECHNOLOGY,2,2019 2
483,2019,model_scaling,EMERGE TECHNOLOGY,2,2019 2
484,2019,raw_signal,LARGE DATASET,3,2019 3
485,2019,skin_tone,REAL WORLD,5,2019 5
486,2019,two_way_nature,FAST HARDWARE,4,2019 4
487,2019,english_language_search,COCO DATA SET,0,2019 0
488,2019,odd_angle,COCO DATA SET,0,2019 0
489,2019,edge_device,EMERGE TECHNOLOGY,2,2019 2
490,2019,face_id,REAL WORLD,5,2019 5
491,2019,bayesian_framework,LARGE DATASET,3,2019 3
492,2019,company_spokesperson,INDUSTRY LEADER,6,2019 6
493,2019,company_contact,COCO DATA SET,0,2019 0
494,2019,build_security_feature,FAST HARDWARE,4,2019 4
495,2019,inert_object,COCO DATA SET,0,2019 0
496,2019,predictive_maintenance,EMERGE TECHNOLOGY,2,2019 2
497,2019,cross_section,LIQUID LENS,8,2019 8
498,2019,50_country,DEEP UNDERSTANDING,1,2019 1
499,2019,explanation_method,LARGE DATASET,3,2019 3
500,2019,visual_search,REAL WORLD,5,2019 5
501,2019,environmental_law,DEEP UNDERSTANDING,1,2019 1
502,2019,collaborative_robot,EMERGE TECHNOLOGY,2,2019 2
503,2019,rapidly_advance_area,EMERGE TECHNOLOGY,2,2019 2
504,2019,frame_rate,REAL WORLD,5,2019 5
505,2019,computer_programme,LARGE DATASET,3,2019 3
506,2019,enforceable_claim,DEEP UNDERSTANDING,1,2019 1
507,2019,common_standard,DEEP UNDERSTANDING,1,2019 1
508,2019,scientific_discovery,DEEP UNDERSTANDING,1,2019 1
509,2019,peer_review,PH.D. STUDENT,7,2019 7
510,2019,researcher_specification,FAST HARDWARE,4,2019 4
511,2019,ph.d._student,PH.D. STUDENT,7,2019 7
512,2019,initial_launch,INDUSTRY LEADER,6,2019 6
513,2019,individual,DEEP UNDERSTANDING,1,2019 1
514,2019,think_leadership,INDUSTRY LEADER,6,2019 6
515,2019,cloud_computing_service,EMERGE TECHNOLOGY,2,2019 2
516,2019,crypto_product,COCO DATA SET,0,2019 0
517,2019,poor_household,DEEP UNDERSTANDING,1,2019 1
518,2019,fine_tuning,LARGE DATASET,3,2019 3
519,2019,seven_task,DEEP UNDERSTANDING,1,2019 1
520,2019,video_analysis,LARGE DATASET,3,2019 3
521,2019,extra_weight,DEEP UNDERSTANDING,1,2019 1
522,2019,corresponding_author,PH.D. STUDENT,7,2019 7
523,2019,company_sec_filing,INDUSTRY LEADER,6,2019 6
524,2019,benchmark_test,LARGE DATASET,3,2019 3
525,2019,convolutional_layer,LARGE DATASET,3,2019 3
526,2019,object_net,COCO DATA SET,0,2019 0
527,2019,art_project,DEEP UNDERSTANDING,1,2019 1
528,2019,czech_republic,COCO DATA SET,0,2019 0
529,2019,cornell_researcher,PH.D. STUDENT,7,2019 7
530,2019,ibm_watson,EMERGE TECHNOLOGY,2,2019 2
531,2019,diabetic_retinopathy,COCO DATA SET,0,2019 0
532,2019,basic_requirement,DEEP UNDERSTANDING,1,2019 1
533,2019,electrical_and_computer_engineering,PH.D. STUDENT,7,2019 7
534,2019,compute_resource,EMERGE TECHNOLOGY,2,2019 2
535,2019,content_moderation,FAST HARDWARE,4,2019 4
536,2019,light_wave,LIQUID LENS,8,2019 8
537,2019,40_organization,DEEP UNDERSTANDING,1,2019 1
538,2019,only_the_first_step,DEEP UNDERSTANDING,1,2019 1
539,2019,untold_number,DEEP UNDERSTANDING,1,2019 1
540,2019,connected_home,EMERGE TECHNOLOGY,2,2019 2
541,2019,exchange_rate_fluctuation,DEEP UNDERSTANDING,1,2019 1
542,2019,white_background,REAL WORLD,5,2019 5
543,2019,european_headquarters,COCO DATA SET,0,2019 0
544,2019,european_institution,DEEP UNDERSTANDING,1,2019 1
545,2019,large_collaborative_effort,PH.D. STUDENT,7,2019 7
546,2019,2019_conference,PH.D. STUDENT,7,2019 7
547,2019,cnn_architecture,LARGE DATASET,3,2019 3
548,2019,conventional_approach,LARGE DATASET,3,2019 3
549,2019,broad_population,DEEP UNDERSTANDING,1,2019 1
550,2019,bow_tie,DEEP UNDERSTANDING,1,2019 1
551,2019,dark_area,REAL WORLD,5,2019 5
552,2019,sneak_peak,INDUSTRY LEADER,6,2019 6
553,2019,depth_perception,REAL WORLD,5,2019 5
554,2019,eye_injury,COCO DATA SET,0,2019 0
555,2019,word_classification,LARGE DATASET,3,2019 3
556,2019,racist_slur,FAST HARDWARE,4,2019 4
557,2019,correct_prediction,LARGE DATASET,3,2019 3
558,2019,social_media_site,FAST HARDWARE,4,2019 4
559,2019,popular_tool,LARGE DATASET,3,2019 3
560,2019,360_degree_camera,REAL WORLD,5,2019 5
561,2019,collision_avoidance,EMERGE TECHNOLOGY,2,2019 2
562,2019,air_bubble,LIQUID LENS,8,2019 8
563,2019,electrical_pulse,LIQUID LENS,8,2019 8
564,2019,axis_technology,FAST HARDWARE,4,2019 4
565,2019,customer_order_pattern,INDUSTRY LEADER,6,2019 6
566,2019,bahrain_bangladesh,CHAD CHILE,9,2019 9
567,2019,adversarial_attack,LARGE DATASET,3,2019 3
568,2019,augmented_reality_ar_device,EMERGE TECHNOLOGY,2,2019 2
569,2019,batch_normalization,LARGE DATASET,3,2019 3
570,2019,fair_comparison,LARGE DATASET,3,2019 3
571,2019,austria_azerbaijan,CHAD CHILE,9,2019 9
572,2019,remain_half,DEEP UNDERSTANDING,1,2019 1
573,2019,core_portfolio,INDUSTRY LEADER,6,2019 6
574,2019,dominican_republic_east_timor_ecuador,CHAD CHILE,9,2019 9
575,2019,hyperspectral_imaging,DEEP UNDERSTANDING,1,2019 1
576,2019,bias,DEEP UNDERSTANDING,1,2019 1
577,2019,now_an_assistant_professor,PH.D. STUDENT,7,2019 7
578,2019,semantic_segmentation,LARGE DATASET,3,2019 3
579,2019,field_response,LIQUID LENS,8,2019 8
580,2019,4th_edition,PH.D. STUDENT,7,2019 7
581,2019,cognitive_neuroscientist,DEEP UNDERSTANDING,1,2019 1
582,2019,containerized_app,EMERGE TECHNOLOGY,2,2019 2
583,2019,bounding_box,LARGE DATASET,3,2019 3
584,2019,display_driver,REAL WORLD,5,2019 5
585,2019,complimentary_subscription,CHAD CHILE,9,2019 9
586,2019,barbuda_argentina,CHAD CHILE,9,2019 9
587,2019,thin_glass,LIQUID LENS,8,2019 8
588,2019,deep_flaw,DEEP UNDERSTANDING,1,2019 1
589,2019,alpha_release,COCO DATA SET,0,2019 0
590,2019,reliability_concern,EMERGE TECHNOLOGY,2,2019 2
591,2019,ample_growth_opportunity,EMERGE TECHNOLOGY,2,2019 2
592,2019,fast_hardware,FAST HARDWARE,4,2019 4
593,2019,expect_pattern,DEEP UNDERSTANDING,1,2019 1
594,2019,offender,COCO DATA SET,0,2019 0
595,2019,"1,000_image",FAST HARDWARE,4,2019 4
596,2019,cross_validation,LARGE DATASET,3,2019 3
597,2019,facebook_system,FAST HARDWARE,4,2019 4
598,2019,four_volunteer,DEEP UNDERSTANDING,1,2019 1
599,2019,experimental_testing,LARGE DATASET,3,2019 3
600,2019,grid_search,LARGE DATASET,3,2019 3
601,2019,revolutionary_technique,EMERGE TECHNOLOGY,2,2019 2
602,2019,google_tensor_processing_unit,FAST HARDWARE,4,2019 4
603,2019,classifier,LARGE DATASET,3,2019 3
604,2019,sample_subset,LARGE DATASET,3,2019 3
605,2019,daily_living_activity,DEEP UNDERSTANDING,1,2019 1
606,2019,"around_2,200_people",COCO DATA SET,0,2019 0
607,2019,chad_chile,CHAD CHILE,9,2019 9
608,2019,botswana_brazil,CHAD CHILE,9,2019 9
609,2019,business_insider_reporter,FAST HARDWARE,4,2019 4
610,2019,mri_scanning,DEEP UNDERSTANDING,1,2019 1
611,2019,north_carolina_state_university_researcher,PH.D. STUDENT,7,2019 7
612,2019,ajax_power_gravity_forms,COCO DATA SET,0,2019 0
613,2019,biometric_lock,FAST HARDWARE,4,2019 4
614,2019,consumer_face_service,INDUSTRY LEADER,6,2019 6
615,2019,typical_route,COCO DATA SET,0,2019 0
616,2019,amazon_mechanical_turk,DEEP UNDERSTANDING,1,2019 1
617,2019,handwritten_number,LARGE DATASET,3,2019 3
618,2019,browser_base_interface,FAST HARDWARE,4,2019 4
619,2019,lift_gate,LIQUID LENS,8,2019 8
620,2019,google_ai_research_division,PH.D. STUDENT,7,2019 7
621,2019,high_tech_upgrade,FAST HARDWARE,4,2019 4
622,2019,360_capital_partners,INDUSTRY LEADER,6,2019 6
623,2019,openvino_toolkit,FAST HARDWARE,4,2019 4
624,2019,closed_feedback_loop,LIQUID LENS,8,2019 8
625,2019,cmu_robotics_institute,PH.D. STUDENT,7,2019 7
626,2019,fabless_semiconductor_solution_provider,COCO DATA SET,0,2019 0
627,2019,accelerator_chip,FAST HARDWARE,4,2019 4
628,2019,costa_rica_côte,CHAD CHILE,9,2019 9
629,2019,djibouti_dominica,CHAD CHILE,9,2019 9
630,2019,ai_trendsto,CHAD CHILE,9,2019 9
631,2019,digital_camera_solution,COCO DATA SET,0,2019 0
632,2019,algeria_american_samoa_andorra_angola_antigua,CHAD CHILE,9,2019 9
633,2019,china_colombia_comoros_congo,CHAD CHILE,9,2019 9
634,2019,operational_edge,FAST HARDWARE,4,2019 4
635,2019,enhance_detail,DEEP UNDERSTANDING,1,2019 1
636,2019,modern_smartphone,REAL WORLD,5,2019 5
637,2019,liquid_lens,LIQUID LENS,8,2019 8
638,2019,clinical_and_regulatory_pathway,FAST HARDWARE,4,2019 4
639,2019,artist_trevor_paglen,FAST HARDWARE,4,2019 4
640,2019,computational_budget,LARGE DATASET,3,2019 3
641,2019,$_2.4_million_grant,PH.D. STUDENT,7,2019 7
642,2019,enterprise_asset_intelligence_vision,INDUSTRY LEADER,6,2019 6
643,2019,crowdsourced_database,REAL WORLD,5,2019 5
644,2019,production_task,COCO DATA SET,0,2019 0
645,2019,100_class,FAST HARDWARE,4,2019 4
646,2019,subtle_similarity,DEEP UNDERSTANDING,1,2019 1
647,2019,normal_setup,FAST HARDWARE,4,2019 4
648,2019,custom_kernel,FAST HARDWARE,4,2019 4
649,2019,supervised_baseline,FAST HARDWARE,4,2019 4
650,2019,possible_orientation,DEEP UNDERSTANDING,1,2019 1
651,2019,volunteer,PH.D. STUDENT,7,2019 7
652,2019,accurate_counting,LIQUID LENS,8,2019 8
653,2019,intel_openvino,COCO DATA SET,0,2019 0
654,2019,contribute_talk,PH.D. STUDENT,7,2019 7
655,2019,surprising_failure,DEEP UNDERSTANDING,1,2019 1
656,2019,photo_assignment,FAST HARDWARE,4,2019 4
657,2019,machine_learn_training_process,COCO DATA SET,0,2019 0
658,2019,64_graphic_card,FAST HARDWARE,4,2019 4
659,2019,ukiva_machine_vision_conference,COCO DATA SET,0,2019 0
660,2019,ai_base_machine_learning,COCO DATA SET,0,2019 0
661,2019,simple_elegant_way,FAST HARDWARE,4,2019 4
662,2019,ai_recruitment_tool,COCO DATA SET,0,2019 0
663,2019,one_such_advantage,COCO DATA SET,0,2019 0
664,2019,$_28_million_round,INDUSTRY LEADER,6,2019 6
665,2019,problematic_training_data,COCO DATA SET,0,2019 0
666,2019,translucent_square,COCO DATA SET,0,2019 0
667,2019,then_a_post_doctoral_fellow,COCO DATA SET,0,2019 0
668,2019,computer_vision_app,COCO DATA SET,0,2019 0
669,2019,simple_structure,LIQUID LENS,8,2019 8
670,2019,iconic_position,FAST HARDWARE,4,2019 4
671,2019,both_perseverance,COCO DATA SET,0,2019 0
672,2019,extended_abstract,PH.D. STUDENT,7,2019 7
673,2019,google_landmarks_v2,COCO DATA SET,0,2019 0
674,2019,commodity_processor,FAST HARDWARE,4,2019 4
675,2019,core_block,LIQUID LENS,8,2019 8
676,2019,widely_use_benchmark,COCO DATA SET,0,2019 0
677,2019,modern_boom,COCO DATA SET,0,2019 0
678,2019,kate_crawford,PH.D. STUDENT,7,2019 7
679,2019,huge_database,FAST HARDWARE,4,2019 4
680,2019,both_imagenet,COCO DATA SET,0,2019 0
681,2019,264_home,COCO DATA SET,0,2019 0
682,2019,imagenet_a,COCO DATA SET,0,2019 0
683,2019,deep_learning_application,COCO DATA SET,0,2019 0
684,2019,yu_lab,COCO DATA SET,0,2019 0
685,2019,pay_freelancer,COCO DATA SET,0,2019 0
686,2019,data_annotator,COCO DATA SET,0,2019 0
687,2019,android_cell_phone,REAL WORLD,5,2019 5
688,2019,simple_smart_glass,COCO DATA SET,0,2019 0
689,2019,fix_resource_constraint,FAST HARDWARE,4,2019 4
690,2019,360_toolkit,COCO DATA SET,0,2019 0
691,2019,disease_or_injure_eye_anatomy,COCO DATA SET,0,2019 0
692,2019,three_image_classification_benchmark,COCO DATA SET,0,2019 0
693,2019,only_single_object,COCO DATA SET,0,2019 0
694,2019,backlit_scene,COCO DATA SET,0,2019 0
695,2019,model_interpretability_score,COCO DATA SET,0,2019 0
696,2019,5_benchmark,COCO DATA SET,0,2019 0
697,2019,imagenet_roulette,COCO DATA SET,0,2019 0
698,2019,microsoft_coco_benchmark,COCO DATA SET,0,2019 0
699,2019,coherent_example,COCO DATA SET,0,2019 0
700,2019,error_free_assembly,COCO DATA SET,0,2019 0
701,2019,scale_dimension,COCO DATA SET,0,2019 0
702,2019,dynamic_dictionary,LARGE DATASET,3,2019 3
703,2019,350_category,FAST HARDWARE,4,2019 4
704,2019,e.g._pixel,COCO DATA SET,0,2019 0
705,2019,automatic_annotation,LARGE DATASET,3,2019 3
706,2019,instance_semantic_segmentation,COCO DATA SET,0,2019 0
707,2019,safety_critical_system,FAST HARDWARE,4,2019 4
708,2019,encode_key,FAST HARDWARE,4,2019 4
709,2019,ai_model,COCO DATA SET,0,2019 0
710,2019,previous_network_system,COCO DATA SET,0,2019 0
711,2019,analyze_layer,COCO DATA SET,0,2019 0
712,2019,experience_lead_project,COCO DATA SET,0,2019 0
713,2019,appropriate_scale_coefficient,COCO DATA SET,0,2019 0
714,2019,also_a_new_record,FAST HARDWARE,4,2019 4
715,2019,resnet_and_resnext_backbone,COCO DATA SET,0,2019 0
716,2019,facebook_pytorch_framework,COCO DATA SET,0,2019 0
717,2019,modern_computer_vision_method,COCO DATA SET,0,2019 0
718,2019,nontrivial_margin,COCO DATA SET,0,2019 0
719,2019,at_literally_the_speed,COCO DATA SET,0,2019 0
720,2019,closure_panel,LIQUID LENS,8,2019 8
721,2019,public_fmri_dataset,COCO DATA SET,0,2019 0
722,2019,bold5000_dataset,COCO DATA SET,0,2019 0
723,2019,dataset,COCO DATA SET,0,2019 0
724,2019,cmu_psychology_department,COCO DATA SET,0,2019 0
725,2019,collaborative_release,COCO DATA SET,0,2019 0
726,2019,broad_aptitude,COCO DATA SET,0,2019 0
727,2019,emva_young_professional_award,COCO DATA SET,0,2019 0
728,2019,increasingly_automate_data_power_environment,COCO DATA SET,0,2019 0
729,2019,child_ai,COCO DATA SET,0,2019 0
730,2019,peripheral_device,COCO DATA SET,0,2019 0
731,2019,eight_different_subject_area,COCO DATA SET,0,2019 0
732,2019,5000_visual_image,COCO DATA SET,0,2019 0
733,2019,modern_object_detector,COCO DATA SET,0,2019 0
734,2019,basketball_image,COCO DATA SET,0,2019 0
735,2019,intelligent_vision_solution,COCO DATA SET,0,2019 0
736,2019,arm_cortex_m7,EMERGE TECHNOLOGY,2,2019 2
737,2019,ripe_orange,COCO DATA SET,0,2019 0
738,2019,object_detector,FAST HARDWARE,4,2019 4
739,2019,continuous_high_dimensional_space,COCO DATA SET,0,2019 0
740,2019,crop_health_issue,COCO DATA SET,0,2019 0
741,2019,pre_train_representation,COCO DATA SET,0,2019 0
742,2019,instagram_corpora,COCO DATA SET,0,2019 0
743,2019,smart_camera_base_machine_vision_system,COCO DATA SET,0,2019 0
744,2019,animate_instruction,FAST HARDWARE,4,2019 4
745,2019,experimenter_ability,DEEP UNDERSTANDING,1,2019 1
746,2019,imagenet_category,COCO DATA SET,0,2019 0
747,2019,above_motto,COCO DATA SET,0,2019 0
748,2019,animated_instruction,FAST HARDWARE,4,2019 4
749,2019,computer_vision_sdk,COCO DATA SET,0,2019 0
750,2019,x_vpu,COCO DATA SET,0,2019 0
751,2019,co_author_abhinav_gupta,COCO DATA SET,0,2019 0
752,2019,elusive_ability,COCO DATA SET,0,2019 0
753,2019,deep_learning_deployment_toolkit,COCO DATA SET,0,2019 0
754,2019,4_trillion_operation,COCO DATA SET,0,2019 0
755,2019,91.7_accuracy,COCO DATA SET,0,2019 0
756,2019,common_corpora,COCO DATA SET,0,2019 0
757,2019,discover_concept,FAST HARDWARE,4,2019 4
758,2019,ace_segment,COCO DATA SET,0,2019 0
759,2019,european_machine_vision_forum,COCO DATA SET,0,2019 0
760,2019,common_deep_learning_inference_toolkit,COCO DATA SET,0,2019 0
761,2019,automatic_scene_interpretation,COCO DATA SET,0,2019 0
762,2019,emza_visual_sense,COCO DATA SET,0,2019 0
763,2019,emva_website,COCO DATA SET,0,2019 0
764,2019,dgx_1_station,COCO DATA SET,0,2019 0
765,2019,efficientnet_b7,COCO DATA SET,0,2019 0
766,2019,ceo_luca_verre,COCO DATA SET,0,2019 0
767,2019,customized_point,COCO DATA SET,0,2019 0
768,2019,the_small_shift,COCO DATA SET,0,2019 0
769,2020,information,REAL WORLD,9,2020 9
770,2020,time,SMALL FRACTION,0,2020 0
771,2020,globe_newswire,TRANSACTION,2,2020 2
772,2020,study,PH.D. STUDENT,4,2020 4
773,2020,social_distancing,EXAMPLE,1,2020 1
774,2020,variant,EXAMPLE,1,2020 1
775,2020,part,EXAMPLE,1,2020 1
776,2020,detailed_information,EXAMPLE,1,2020 1
777,2020,financial_market,TRANSACTION,2,2020 2
778,2020,next_step,EXAMPLE,1,2020 1
779,2020,practice,EXAMPLE,1,2020 1
780,2020,research_team,PH.D. STUDENT,4,2020 4
781,2020,market_research_report,TRANSACTION,2,2020 2
782,2020,field,ARTIFICIAL INTELLIGENCE,7,2020 7
783,2020,real_world,REAL WORLD,9,2020 9
784,2020,increase_demand,EXAMPLE,1,2020 1
785,2020,data,ARTIFICIAL INTELLIGENCE,7,2020 7
786,2020,type,EXAMPLE,1,2020 1
787,2020,artificial_intelligence,ARTIFICIAL INTELLIGENCE,7,2020 7
788,2020,real_time_computer_vision_algorithm,REAL WORLD,9,2020 9
789,2020,mobile_device,REAL WORLD,9,2020 9
790,2020,grow_number,EXAMPLE,1,2020 1
791,2020,machine_learning,ARTIFICIAL INTELLIGENCE,7,2020 7
792,2020,stage,EXAMPLE,1,2020 1
793,2020,forecast_period,TRANSACTION,2,2020 2
794,2020,automotive_industry,ARTIFICIAL INTELLIGENCE,7,2020 7
795,2020,large_amount,ARTIFICIAL INTELLIGENCE,7,2020 7
796,2020,thing,EXAMPLE,1,2020 1
797,2020,late_update,REAL WORLD,9,2020 9
798,2020,third_party,DATA ANNOTATION,5,2020 5
799,2020,ml_model,IMAGE CLASSIFICATION,3,2020 3
800,2020,key_role,EXAMPLE,1,2020 1
801,2020,image_credit,REAL WORLD,9,2020 9
802,2020,public_safety,EXAMPLE,1,2020 1
803,2020,blog_post,REAL WORLD,9,2020 9
804,2020,healthcare_service,EXAMPLE,1,2020 1
805,2020,broad_range,EXAMPLE,1,2020 1
806,2020,business_growth,TRANSACTION,2,2020 2
807,2020,case,EXAMPLE,1,2020 1
808,2020,end_result,EXAMPLE,1,2020 1
809,2020,high_performance,EXAMPLE,1,2020 1
810,2020,investment_decision,TRANSACTION,2,2020 2
811,2020,rapid_development,ARTIFICIAL INTELLIGENCE,7,2020 7
812,2020,computer_science,PH.D. STUDENT,4,2020 4
813,2020,second_phase,EXAMPLE,1,2020 1
814,2020,sponsor_opportunity,PH.D. STUDENT,4,2020 4
815,2020,facial_recognition,MULTIPLE CAMERA,6,2020 6
816,2020,european_country,EXAMPLE,1,2020 1
817,2020,author,PH.D. STUDENT,4,2020 4
818,2020,virtual_reality,REAL WORLD,9,2020 9
819,2020,own_company,TRANSACTION,2,2020 2
820,2020,autonomous_vehicle,ARTIFICIAL INTELLIGENCE,7,2020 7
821,2020,transaction_agreement,TRANSACTION,2,2020 2
822,2020,data_center,EXAMPLE,1,2020 1
823,2020,everyday_life,EXAMPLE,1,2020 1
824,2020,cite_source,PH.D. STUDENT,4,2020 4
825,2020,preprint_paper,PH.D. STUDENT,4,2020 4
826,2020,open_source,DATA ANNOTATION,5,2020 5
827,2020,deep_learn_algorithm,IMAGE CLASSIFICATION,3,2020 3
828,2020,potential,EXAMPLE,1,2020 1
829,2020,robust_approach,IMAGE CLASSIFICATION,3,2020 3
830,2020,ai_system,ARTIFICIAL INTELLIGENCE,7,2020 7
831,2020,operational_efficiency,EXAMPLE,1,2020 1
832,2020,search_engine,DATA ANNOTATION,5,2020 5
833,2020,the_session,PH.D. STUDENT,4,2020 4
834,2020,natural_language_processing,ARTIFICIAL INTELLIGENCE,7,2020 7
835,2020,small_change,EXAMPLE,1,2020 1
836,2020,previous_work,IMAGE CLASSIFICATION,3,2020 3
837,2020,follow_material,SMALL FRACTION,0,2020 0
838,2020,image_classification,IMAGE CLASSIFICATION,3,2020 3
839,2020,3d_printer,TRANSACTION,2,2020 2
840,2020,screen,REAL WORLD,9,2020 9
841,2020,neural_network,IMAGE CLASSIFICATION,3,2020 3
842,2020,problem,EXAMPLE,1,2020 1
843,2020,embed_vision,MULTIPLE CAMERA,6,2020 6
844,2020,informational_purpose,DATA ANNOTATION,5,2020 5
845,2020,graduate_student,PH.D. STUDENT,4,2020 4
846,2020,self_drive_car,ARTIFICIAL INTELLIGENCE,7,2020 7
847,2020,early_detection,EXAMPLE,1,2020 1
848,2020,additional_training,PH.D. STUDENT,4,2020 4
849,2020,process,EXAMPLE,1,2020 1
850,2020,large_effort,PH.D. STUDENT,4,2020 4
851,2020,significant_challenge,EXAMPLE,1,2020 1
852,2020,similar_way,EXAMPLE,1,2020 1
853,2020,final_set,EXAMPLE,1,2020 1
854,2020,picture,MULTIPLE CAMERA,6,2020 6
855,2020,powerful_tool,EXAMPLE,1,2020 1
856,2020,move_object,MULTIPLE CAMERA,6,2020 6
857,2020,driverless_car,ARTIFICIAL INTELLIGENCE,7,2020 7
858,2020,sexual_orientation,GENDER EXPRESSION,8,2020 8
859,2020,visual_cue,MULTIPLE CAMERA,6,2020 6
860,2020,quality_control,EXAMPLE,1,2020 1
861,2020,principal_investigator,PH.D. STUDENT,4,2020 4
862,2020,classical_computer_vision_technique,TRANSACTION,2,2020 2
863,2020,human_brain,MULTIPLE CAMERA,6,2020 6
864,2020,image_response,SMALL FRACTION,0,2020 0
865,2020,false_positive,EXAMPLE,1,2020 1
866,2020,unintended_consequence,EXAMPLE,1,2020 1
867,2020,robotic_technology,ARTIFICIAL INTELLIGENCE,7,2020 7
868,2020,potential_legal_action,TRANSACTION,2,2020 2
869,2020,accuracy,IMAGE CLASSIFICATION,3,2020 3
870,2020,four_category,EXAMPLE,1,2020 1
871,2020,3d_object_detection,IMAGE CLASSIFICATION,3,2020 3
872,2020,consumer_electronic,ARTIFICIAL INTELLIGENCE,7,2020 7
873,2020,faculty_member,PH.D. STUDENT,4,2020 4
874,2020,challenging_task,IMAGE CLASSIFICATION,3,2020 3
875,2020,below_code,DATA ANNOTATION,5,2020 5
876,2020,transaction,TRANSACTION,2,2020 2
877,2020,data_annotation,DATA ANNOTATION,5,2020 5
878,2020,example,EXAMPLE,1,2020 1
879,2020,self_attention,IMAGE CLASSIFICATION,3,2020 3
880,2020,cut_edge_algorithm,DATA ANNOTATION,5,2020 5
881,2020,future_opportunity,EXAMPLE,1,2020 1
882,2020,objective,EXAMPLE,1,2020 1
883,2020,n_word,GENDER EXPRESSION,8,2020 8
884,2020,enforceable_claim,TRANSACTION,2,2020 2
885,2020,exact_location,EXAMPLE,1,2020 1
886,2020,satellite_imagery,EXAMPLE,1,2020 1
887,2020,crypto_product,SMALL FRACTION,0,2020 0
888,2020,regulatory_recourse,SMALL FRACTION,0,2020 0
889,2020,diverse_background,PH.D. STUDENT,4,2020 4
890,2020,people_face,MULTIPLE CAMERA,6,2020 6
891,2020,fireside_chat,TRANSACTION,2,2020 2
892,2020,core_principle,EXAMPLE,1,2020 1
893,2020,prior_knowledge,IMAGE CLASSIFICATION,3,2020 3
894,2020,iphone_x,REAL WORLD,9,2020 9
895,2020,pixel_resolution,MULTIPLE CAMERA,6,2020 6
896,2020,medical_imaging,ARTIFICIAL INTELLIGENCE,7,2020 7
897,2020,full_collection,TRANSACTION,2,2020 2
898,2020,skin_color,GENDER EXPRESSION,8,2020 8
899,2020,five_continent,EXAMPLE,1,2020 1
900,2020,huge_dataset,ARTIFICIAL INTELLIGENCE,7,2020 7
901,2020,extent,EXAMPLE,1,2020 1
902,2020,mit_researcher,PH.D. STUDENT,4,2020 4
903,2020,industrial_automation,ARTIFICIAL INTELLIGENCE,7,2020 7
904,2020,one_advantage,IMAGE CLASSIFICATION,3,2020 3
905,2020,ph.d._student,PH.D. STUDENT,4,2020 4
906,2020,video_frame,MULTIPLE CAMERA,6,2020 6
907,2020,slow_motion,MULTIPLE CAMERA,6,2020 6
908,2020,aff_link,REAL WORLD,9,2020 9
909,2020,global_machine_vision_market,TRANSACTION,2,2020 2
910,2020,fully_connected_layer,IMAGE CLASSIFICATION,3,2020 3
911,2020,feature_extraction,IMAGE CLASSIFICATION,3,2020 3
912,2020,fine_tuning,IMAGE CLASSIFICATION,3,2020 3
913,2020,multiple_camera,MULTIPLE CAMERA,6,2020 6
914,2020,crucial_element,EXAMPLE,1,2020 1
915,2020,film_producer,TRANSACTION,2,2020 2
916,2020,local_edge,MULTIPLE CAMERA,6,2020 6
917,2020,basketball_player,SMALL FRACTION,0,2020 0
918,2020,ethical_issue,EXAMPLE,1,2020 1
919,2020,digital_reconstruction,MULTIPLE CAMERA,6,2020 6
920,2020,electrical_and_computer_engineering,PH.D. STUDENT,4,2020 4
921,2020,visual_clue,MULTIPLE CAMERA,6,2020 6
922,2020,detection_pipeline,SMALL FRACTION,0,2020 0
923,2020,myriad_application,ARTIFICIAL INTELLIGENCE,7,2020 7
924,2020,diabetic_retinopathy,SMALL FRACTION,0,2020 0
925,2020,visual_simultaneous_localization,MULTIPLE CAMERA,6,2020 6
926,2020,ventral_visual_stream,MULTIPLE CAMERA,6,2020 6
927,2020,weekly_ai_update,TRANSACTION,2,2020 2
928,2020,relevant_offer,DATA ANNOTATION,5,2020 5
929,2020,clear_bias,EXAMPLE,1,2020 1
930,2020,modern_enterprise,EXAMPLE,1,2020 1
931,2020,cartoon_character,MULTIPLE CAMERA,6,2020 6
932,2020,incredible_performance,REAL WORLD,9,2020 9
933,2020,brief_introduction,EXAMPLE,1,2020 1
934,2020,generative_adversarial_network,IMAGE CLASSIFICATION,3,2020 3
935,2020,gender_expression,GENDER EXPRESSION,8,2020 8
936,2020,lifetime_learning,PH.D. STUDENT,4,2020 4
937,2020,original_audio,SMALL FRACTION,0,2020 0
938,2020,pseudo_label,IMAGE CLASSIFICATION,3,2020 3
939,2020,single_module,EXAMPLE,1,2020 1
940,2020,github_repository,DATA ANNOTATION,5,2020 5
941,2020,related_study,EXAMPLE,1,2020 1
942,2020,sensor_fusion,MULTIPLE CAMERA,6,2020 6
943,2020,give_unit,EXAMPLE,1,2020 1
944,2020,content_owner,DATA ANNOTATION,5,2020 5
945,2020,derogatory_term,GENDER EXPRESSION,8,2020 8
946,2020,fundamental_nature,EXAMPLE,1,2020 1
947,2020,now_a_professor,PH.D. STUDENT,4,2020 4
948,2020,art_exhibition,TRANSACTION,2,2020 2
949,2020,ground_truth,IMAGE CLASSIFICATION,3,2020 3
950,2020,smartphone_video,SMALL FRACTION,0,2020 0
951,2020,interested_participant,PH.D. STUDENT,4,2020 4
952,2020,library,DATA ANNOTATION,5,2020 5
953,2020,face_replacement,TRANSACTION,2,2020 2
954,2020,small_fraction,SMALL FRACTION,0,2020 0
955,2020,internal_working,EXAMPLE,1,2020 1
956,2020,semantic_segmentation,IMAGE CLASSIFICATION,3,2020 3
957,2020,scuba_diver,SMALL FRACTION,0,2020 0
958,2020,popular_technique,IMAGE CLASSIFICATION,3,2020 3
959,2020,cognitive_load,MULTIPLE CAMERA,6,2020 6
960,2020,backbone,SMALL FRACTION,0,2020 0
961,2020,classical_method,IMAGE CLASSIFICATION,3,2020 3
962,2020,laser_scanner,MULTIPLE CAMERA,6,2020 6
963,2020,pre_trained_weight,IMAGE CLASSIFICATION,3,2020 3
964,2020,parallel_computing,EXAMPLE,1,2020 1
965,2020,biometric_identification,MULTIPLE CAMERA,6,2020 6
966,2020,child_molester,GENDER EXPRESSION,8,2020 8
967,2020,bounding_box,MULTIPLE CAMERA,6,2020 6
968,2020,constructive_solution,EXAMPLE,1,2020 1
969,2020,split,GENDER EXPRESSION,8,2020 8
970,2020,dense_cloud,SMALL FRACTION,0,2020 0
971,2020,favorable_position,TRANSACTION,2,2020 2
972,2020,co_occurrence,EXAMPLE,1,2020 1
973,2020,transfer,TRANSACTION,2,2020 2
974,2020,mask_r_cnn,IMAGE CLASSIFICATION,3,2020 3
975,2020,comprehensive_proposal,TRANSACTION,2,2020 2
976,2020,brain_visual_processing_system,SMALL FRACTION,0,2020 0
977,2020,geographic_origin,EXAMPLE,1,2020 1
978,2020,egregious_error,SMALL FRACTION,0,2020 0
979,2020,confidence_score,IMAGE CLASSIFICATION,3,2020 3
980,2020,domestic_counterpart,TRANSACTION,2,2020 2
981,2020,computational_node,EXAMPLE,1,2020 1
982,2020,detect_item,SMALL FRACTION,0,2020 0
983,2020,csv_format,DATA ANNOTATION,5,2020 5
984,2020,harmful_bias,GENDER EXPRESSION,8,2020 8
985,2020,self_supervise_learning,IMAGE CLASSIFICATION,3,2020 3
986,2020,common_workflow,DATA ANNOTATION,5,2020 5
987,2020,transformer_architecture,DATA ANNOTATION,5,2020 5
988,2020,json_file,DATA ANNOTATION,5,2020 5
989,2020,problem_setup,EXAMPLE,1,2020 1
990,2020,three_attribute,EXAMPLE,1,2020 1
991,2020,10_female,SMALL FRACTION,0,2020 0
992,2020,it]*some_article,SMALL FRACTION,0,2020 0
993,2020,old_database,DATA ANNOTATION,5,2020 5
994,2020,intersection_point,EXAMPLE,1,2020 1
995,2020,close_similarity,EXAMPLE,1,2020 1
996,2020,structured_light,MULTIPLE CAMERA,6,2020 6
997,2020,mathematical_expression,EXAMPLE,1,2020 1
998,2020,below_code_snippet,SMALL FRACTION,0,2020 0
999,2020,person_profile,DATA ANNOTATION,5,2020 5
1000,2020,quick_prototyping,DATA ANNOTATION,5,2020 5
1001,2020,scientific_phenomenon,EXAMPLE,1,2020 1
1002,2020,stereotypical_portrayal,GENDER EXPRESSION,8,2020 8
1003,2020,carnegie_mellon_university_researcher,PH.D. STUDENT,4,2020 4
1004,2020,cmu_robotics_institute,PH.D. STUDENT,4,2020 4
1005,2020,git_clone,DATA ANNOTATION,5,2020 5
1006,2020,alternative_model,TRANSACTION,2,2020 2
1007,2020,rape_suspect,GENDER EXPRESSION,8,2020 8
1008,2020,hand_on_guide,SMALL FRACTION,0,2020 0
1009,2020,automate_assembly_line,TRANSACTION,2,2020 2
1010,2020,nearly_identical_response,SMALL FRACTION,0,2020 0
1011,2020,practical_deployment,EXAMPLE,1,2020 1
1012,2020,classification_and_prediction_task,DATA ANNOTATION,5,2020 5
1013,2020,top_1_accuracy,IMAGE CLASSIFICATION,3,2020 3
1014,2020,conventional_lense,SMALL FRACTION,0,2020 0
1015,2020,pricey_equipment,TRANSACTION,2,2020 2
1016,2020,ms_coco,IMAGE CLASSIFICATION,3,2020 3
1017,2020,protect_variable,DATA ANNOTATION,5,2020 5
1018,2020,1080_ti,REAL WORLD,9,2020 9
1019,2020,ai_power_chip,SMALL FRACTION,0,2020 0
1020,2020,neurips_conference,TRANSACTION,2,2020 2
1021,2020,pytorch_framework,DATA ANNOTATION,5,2020 5
1022,2020,sensitive_category,GENDER EXPRESSION,8,2020 8
1023,2020,demographic_representation,GENDER EXPRESSION,8,2020 8
1024,2020,corruption,SMALL FRACTION,0,2020 0
1025,2020,fascinating_perspective,TRANSACTION,2,2020 2
1026,2020,pentagon_research_arm,TRANSACTION,2,2020 2
1027,2020,person_religion,GENDER EXPRESSION,8,2020 8
1028,2020,mturk_worker,GENDER EXPRESSION,8,2020 8
1029,2020,custom_channel,DATA ANNOTATION,5,2020 5
1030,2020,verbal_term,MULTIPLE CAMERA,6,2020 6
1031,2020,natural_and_artificial_vision,SMALL FRACTION,0,2020 0
1032,2020,educational_scene,PH.D. STUDENT,4,2020 4
1033,2020,data_collection_pipeline,SMALL FRACTION,0,2020 0
1034,2020,median_distribution,SMALL FRACTION,0,2020 0
1035,2020,quite_significant_improvement,TRANSACTION,2,2020 2
1036,2020,offensive_category,SMALL FRACTION,0,2020 0
1037,2020,than_14_million_image,SMALL FRACTION,0,2020 0
1038,2020,geography_analysis,TRANSACTION,2,2020 2
1039,2020,computer_vision_practitioner,SMALL FRACTION,0,2020 0
1040,2020,computer_vision_data_set,SMALL FRACTION,0,2020 0
1041,2020,industry_lead_simulation,SMALL FRACTION,0,2020 0
1042,2020,mean_average_precision,IMAGE CLASSIFICATION,3,2020 3
1043,2020,slow_motion_setting,SMALL FRACTION,0,2020 0
1044,2020,initial_geometry,EXAMPLE,1,2020 1
1045,2020,image_country,SMALL FRACTION,0,2020 0
1046,2020,recent_art_project,SMALL FRACTION,0,2020 0
1047,2020,module,SMALL FRACTION,0,2020 0
1048,2020,attentive_normalization,SMALL FRACTION,0,2020 0
1049,2020,computer_vision_models,SMALL FRACTION,0,2020 0
1050,2020,highly_accurate_scan,SMALL FRACTION,0,2020 0
1051,2020,double_blind_review,PH.D. STUDENT,4,2020 4
1052,2020,central_innovation,GENDER EXPRESSION,8,2020 8
1053,2020,offensive_label,GENDER EXPRESSION,8,2020 8
1054,2020,orient_gradient,MULTIPLE CAMERA,6,2020 6
1055,2020,object_detection_research,SMALL FRACTION,0,2020 0
1056,2020,prior_pitfall,SMALL FRACTION,0,2020 0
1057,2020,princeton_alumna,SMALL FRACTION,0,2020 0
1058,2020,core_technical_expertise,SMALL FRACTION,0,2020 0
1059,2020,medical_procedure,SMALL FRACTION,0,2020 0
1060,2020,objectron_dataset,SMALL FRACTION,0,2020 0
1061,2020,balanced_subset,EXAMPLE,1,2020 1
1062,2020,40_50_piece,SMALL FRACTION,0,2020 0
1063,2020,imagenet_project,SMALL FRACTION,0,2020 0
1064,2020,straightforward_issue,SMALL FRACTION,0,2020 0
1065,2020,know_shortcoming,EXAMPLE,1,2020 1
1066,2020,celebrity_advertising,SMALL FRACTION,0,2020 0
1067,2020,80_male,SMALL FRACTION,0,2020 0
1068,2020,one_significant_flaw,REAL WORLD,9,2020 9
1069,2020,data_set_image,SMALL FRACTION,0,2020 0
1070,2020,data_set_content,SMALL FRACTION,0,2020 0
1071,2020,instance_segmentation_benchmark,SMALL FRACTION,0,2020 0
1072,2020,deep_multilayer_network,SMALL FRACTION,0,2020 0
1073,2020,original_imagenet_label,SMALL FRACTION,0,2020 0
1074,2020,regular_use_case,SMALL FRACTION,0,2020 0
1075,2020,cross_scale_connection,DATA ANNOTATION,5,2020 5
1076,2020,imagenet_hierarchy,SMALL FRACTION,0,2020 0
1077,2020,problematic_correlation,TRANSACTION,2,2020 2
1078,2020,enhance_compiler,DATA ANNOTATION,5,2020 5
1079,2020,pre_prepared_model,SMALL FRACTION,0,2020 0
1080,2020,sentencing_program,SMALL FRACTION,0,2020 0
1081,2020,own_custom_dataset,SMALL FRACTION,0,2020 0
1082,2020,inappropriate_categorization,SMALL FRACTION,0,2020 0
1083,2020,2d_crop,SMALL FRACTION,0,2020 0
1084,2020,u.s._anti_discrimination_law,TRANSACTION,2,2020 2
1085,2020,rebalance_tool,SMALL FRACTION,0,2020 0
1086,2020,newly_discover_strategy,SMALL FRACTION,0,2020 0
1087,2020,massive_training_set,SMALL FRACTION,0,2020 0
1088,2020,v1_layer,SMALL FRACTION,0,2020 0
1089,2020,"than_133,000_image",SMALL FRACTION,0,2020 0
1090,2020,accurate_attitude_estimation,TRANSACTION,2,2020 2
1091,2020,80_million_tiny_image,SMALL FRACTION,0,2020 0
1092,2020,differential_programming,SMALL FRACTION,0,2020 0
1093,2020,web_interface_tool,SMALL FRACTION,0,2020 0
1094,2020,imagenet_label,SMALL FRACTION,0,2020 0
1095,2020,nvidia_foundation,PH.D. STUDENT,4,2020 4
1096,2020,resnet_variant,SMALL FRACTION,0,2020 0
1097,2020,real_time_image_tracking,SMALL FRACTION,0,2020 0
1098,2020,deep_neural_net_architecture,SMALL FRACTION,0,2020 0
1099,2020,live_mlb_game,SMALL FRACTION,0,2020 0
1100,2020,at_least_three_network,SMALL FRACTION,0,2020 0
1101,2020,real_time_executable_code,SMALL FRACTION,0,2020 0
1102,2020,derogatory_terminology,SMALL FRACTION,0,2020 0
1103,2020,data_processing_module,SMALL FRACTION,0,2020 0
1104,2020,detection_transformer,SMALL FRACTION,0,2020 0
1105,2020,feature_map_group,SMALL FRACTION,0,2020 0
1106,2020,scientific_hypothesis,SMALL FRACTION,0,2020 0
1107,2020,cnn,TRANSACTION,2,2020 2
1108,2020,large_scale_image_data_set,SMALL FRACTION,0,2020 0
1109,2020,brain_visual_processing,SMALL FRACTION,0,2020 0
1110,2020,panoptic_segmentation_task,SMALL FRACTION,0,2020 0
1111,2020,remarkable_robustness,IMAGE CLASSIFICATION,3,2020 3
1112,2020,curation_procedure,SMALL FRACTION,0,2020 0
1113,2020,lisa_group,SMALL FRACTION,0,2020 0
1114,2020,highly_accurate_object_detection,SMALL FRACTION,0,2020 0
1115,2021,information,BLOG POST,6,2021 6
1116,2021,globe_newswire,SHOPPING MALL,0,2021 0
1117,2021,time,IOT TOOL,2,2021 2
1118,2021,research,CHALLENGE,8,2021 8
1119,2021,press_release,BLOG POST,6,2021 6
1120,2021,recent_time,EMERGE TECHNOLOGY,3,2021 3
1121,2021,large_amount,EMERGE TECHNOLOGY,3,2021 3
1122,2021,real_world,EMERGE TECHNOLOGY,3,2021 3
1123,2021,practice,EMERGE TECHNOLOGY,3,2021 3
1124,2021,full_report,SOFTWARE ENGINEER,4,2021 4
1125,2021,forecast_period,SOFTWARE ENGINEER,4,2021 4
1126,2021,next_step,EMERGE TECHNOLOGY,3,2021 3
1127,2021,artificial_intelligence,SEMANTIC SEGMENTATION,1,2021 1
1128,2021,co_founder,BLOG POST,6,2021 6
1129,2021,machine_learning,SEMANTIC SEGMENTATION,1,2021 1
1130,2021,real_time_object_detection,SEMANTIC SEGMENTATION,1,2021 1
1131,2021,particular_time_frame,SOFTWARE ENGINEER,4,2021 4
1132,2021,meaningful_information,SEMANTIC SEGMENTATION,1,2021 1
1133,2021,data_science,EMERGE TECHNOLOGY,3,2021 3
1134,2021,ai_system,EMERGE TECHNOLOGY,3,2021 3
1135,2021,industry_leader,EMERGE TECHNOLOGY,3,2021 3
1136,2021,key_player,EMERGE TECHNOLOGY,3,2021 3
1137,2021,market_growth,SOFTWARE ENGINEER,4,2021 4
1138,2021,part,EMERGE TECHNOLOGY,3,2021 3
1139,2021,broad_range,EMERGE TECHNOLOGY,3,2021 3
1140,2021,end_user,EMERGE TECHNOLOGY,3,2021 3
1141,2021,decision_making,EMERGE TECHNOLOGY,3,2021 3
1142,2021,increase_demand,EMERGE TECHNOLOGY,3,2021 3
1143,2021,kind,HYBRID MODEL,5,2021 5
1144,2021,state,CHALLENGE,8,2021 8
1145,2021,team,SOFTWARE ENGINEER,4,2021 4
1146,2021,financial_advisor,SOFTWARE ENGINEER,4,2021 4
1147,2021,investment_advice,SOFTWARE ENGINEER,4,2021 4
1148,2021,wide_variety,EMERGE TECHNOLOGY,3,2021 3
1149,2021,comment_section,BLOG POST,6,2021 6
1150,2021,important_role,SEMANTIC SEGMENTATION,1,2021 1
1151,2021,human_being,EMERGE TECHNOLOGY,3,2021 3
1152,2021,blog_post,BLOG POST,6,2021 6
1153,2021,understanding,CHALLENGE,8,2021 8
1154,2021,late_update,BLOG POST,6,2021 6
1155,2021,company_product,SOFTWARE ENGINEER,4,2021 4
1156,2021,high_degree,HYBRID MODEL,5,2021 5
1157,2021,hybrid_model,HYBRID MODEL,5,2021 5
1158,2021,e_commerce,SOFTWARE ENGINEER,4,2021 4
1159,2021,final_result,HYBRID MODEL,5,2021 5
1160,2021,emerge_technology,EMERGE TECHNOLOGY,3,2021 3
1161,2021,customer_experience,SOFTWARE ENGINEER,4,2021 4
1162,2021,organization,EMERGE TECHNOLOGY,3,2021 3
1163,2021,strong_performance,SOFTWARE ENGINEER,4,2021 4
1164,2021,mobile_app,BLOG POST,6,2021 6
1165,2021,daily_life,EMERGE TECHNOLOGY,3,2021 3
1166,2021,robotic_application,SEMANTIC SEGMENTATION,1,2021 1
1167,2021,innovative_solution,EMERGE TECHNOLOGY,3,2021 3
1168,2021,data_scientist,EMERGE TECHNOLOGY,3,2021 3
1169,2021,high_cagr,SOFTWARE ENGINEER,4,2021 4
1170,2021,computer_vision,SEMANTIC SEGMENTATION,1,2021 1
1171,2021,autonomous_vehicle,AUTONOMOUS VEHICLE,9,2021 9
1172,2021,game_changer,EMERGE TECHNOLOGY,3,2021 3
1173,2021,grow_need,EMERGE TECHNOLOGY,3,2021 3
1174,2021,informational_purpose,SOFTWARE ENGINEER,4,2021 4
1175,2021,massive_interest,SHOPPING MALL,0,2021 0
1176,2021,brand,SOFTWARE ENGINEER,4,2021 4
1177,2021,similar_method,HYBRID MODEL,5,2021 5
1178,2021,electronic_device,EMERGE TECHNOLOGY,3,2021 3
1179,2021,sota_performance,IOT TOOL,2,2021 2
1180,2021,early_detection,SHOPPING MALL,0,2021 0
1181,2021,facial_recognition,EMERGE TECHNOLOGY,3,2021 3
1182,2021,digital_image,SEMANTIC SEGMENTATION,1,2021 1
1183,2021,problem,EMERGE TECHNOLOGY,3,2021 3
1184,2021,primary_focus,CHALLENGE,8,2021 8
1185,2021,early_version,BLOG POST,6,2021 6
1186,2021,type,HYBRID MODEL,5,2021 5
1187,2021,quality_control,HYBRID MODEL,5,2021 5
1188,2021,mit_researcher,IOT TOOL,2,2021 2
1189,2021,instance,CHALLENGE,8,2021 8
1190,2021,deep_learn_algorithm,SEMANTIC SEGMENTATION,1,2021 1
1191,2021,natural_language_processing,SEMANTIC SEGMENTATION,1,2021 1
1192,2021,google_assistant,BLOG POST,6,2021 6
1193,2021,stark_contrast,SOFTWARE ENGINEER,4,2021 4
1194,2021,neural_network,HYBRID MODEL,5,2021 5
1195,2021,rate,SOFTWARE ENGINEER,4,2021 4
1196,2021,augment_reality,EMERGE TECHNOLOGY,3,2021 3
1197,2021,register_trademark,IOT TOOL,2,2021 2
1198,2021,fake_news,BLOG POST,6,2021 6
1199,2021,potential_legal_action,IOT TOOL,2,2021 2
1200,2021,self_drive_car,AUTONOMOUS VEHICLE,9,2021 9
1201,2021,enforceable_claim,IOT TOOL,2,2021 2
1202,2021,the_session,DISTRIBUTION SHIFT,7,2021 7
1203,2021,stage,HYBRID MODEL,5,2021 5
1204,2021,search_engine,BLOG POST,6,2021 6
1205,2021,smart_city,EMERGE TECHNOLOGY,3,2021 3
1206,2021,shopping_mall,SHOPPING MALL,0,2021 0
1207,2021,crypto_product,SHOPPING MALL,0,2021 0
1208,2021,regulatory_recourse,SHOPPING MALL,0,2021 0
1209,2021,fraudulent_transaction,SOFTWARE ENGINEER,4,2021 4
1210,2021,look,BLOG POST,6,2021 6
1211,2021,hot_topic,EMERGE TECHNOLOGY,3,2021 3
1212,2021,respective_owner,IOT TOOL,2,2021 2
1213,2021,below_image,IOT TOOL,2,2021 2
1214,2021,relevant_offer,SOFTWARE ENGINEER,4,2021 4
1215,2021,training_dataset,SEMANTIC SEGMENTATION,1,2021 1
1216,2021,right_one,HYBRID MODEL,5,2021 5
1217,2021,manufacturer,SOFTWARE ENGINEER,4,2021 4
1218,2021,significant_advance,CHALLENGE,8,2021 8
1219,2021,engaging_online_community,BLOG POST,6,2021 6
1220,2021,safe_driving,AUTONOMOUS VEHICLE,9,2021 9
1221,2021,small_object,SEMANTIC SEGMENTATION,1,2021 1
1222,2021,software_engineer,SOFTWARE ENGINEER,4,2021 4
1223,2021,government_initiative,CHALLENGE,8,2021 8
1224,2021,accuracy_rate,SEMANTIC SEGMENTATION,1,2021 1
1225,2021,conventional_speech_recognition,IOT TOOL,2,2021 2
1226,2021,technical_expertise,EMERGE TECHNOLOGY,3,2021 3
1227,2021,hence_the_name,HYBRID MODEL,5,2021 5
1228,2021,false_positive,SEMANTIC SEGMENTATION,1,2021 1
1229,2021,challenging_task,SEMANTIC SEGMENTATION,1,2021 1
1230,2021,attention,EMERGE TECHNOLOGY,3,2021 3
1231,2021,source_code,SOFTWARE ENGINEER,4,2021 4
1232,2021,phonetic_aspect,DISTRIBUTION SHIFT,7,2021 7
1233,2021,novel_approach,SEMANTIC SEGMENTATION,1,2021 1
1234,2021,industrial_automation,EMERGE TECHNOLOGY,3,2021 3
1235,2021,traffic_light,AUTONOMOUS VEHICLE,9,2021 9
1236,2021,significant_distinction,DISTRIBUTION SHIFT,7,2021 7
1237,2021,medical_imaging,SEMANTIC SEGMENTATION,1,2021 1
1238,2021,food_delivery,SHOPPING MALL,0,2021 0
1239,2021,phd_student,SOFTWARE ENGINEER,4,2021 4
1240,2021,exact_location,HYBRID MODEL,5,2021 5
1241,2021,compute_power,EMERGE TECHNOLOGY,3,2021 3
1242,2021,fast_speed,EMERGE TECHNOLOGY,3,2021 3
1243,2021,pressing_issue,CHALLENGE,8,2021 8
1244,2021,n_word,DISTRIBUTION SHIFT,7,2021 7
1245,2021,hand_experience,SOFTWARE ENGINEER,4,2021 4
1246,2021,32_gb,BLOG POST,6,2021 6
1247,2021,practical_purpose,CHALLENGE,8,2021 8
1248,2021,skin_care,SHOPPING MALL,0,2021 0
1249,2021,objective,CHALLENGE,8,2021 8
1250,2021,challenge,CHALLENGE,8,2021 8
1251,2021,real_world_use_case,IOT TOOL,2,2021 2
1252,2021,audio_recording,DISTRIBUTION SHIFT,7,2021 7
1253,2021,dataset,IOT TOOL,2,2021 2
1254,2021,effort,CHALLENGE,8,2021 8
1255,2021,rise_trend,SOFTWARE ENGINEER,4,2021 4
1256,2021,predictive_maintenance,EMERGE TECHNOLOGY,3,2021 3
1257,2021,value_chain,SOFTWARE ENGINEER,4,2021 4
1258,2021,10_class,DISTRIBUTION SHIFT,7,2021 7
1259,2021,blur_face,SEMANTIC SEGMENTATION,1,2021 1
1260,2021,self_supervision,SEMANTIC SEGMENTATION,1,2021 1
1261,2021,accurate_prediction,HYBRID MODEL,5,2021 5
1262,2021,lidar_sensor,SEMANTIC SEGMENTATION,1,2021 1
1263,2021,weekly_dose,SHOPPING MALL,0,2021 0
1264,2021,pixel_phone,BLOG POST,6,2021 6
1265,2021,example,CHALLENGE,8,2021 8
1266,2021,hot_dog,SHOPPING MALL,0,2021 0
1267,2021,advanced_driver_assistance_system,AUTONOMOUS VEHICLE,9,2021 9
1268,2021,iot_tool,IOT TOOL,2,2021 2
1269,2021,dl_technique,SEMANTIC SEGMENTATION,1,2021 1
1270,2021,super_resolution,SEMANTIC SEGMENTATION,1,2021 1
1271,2021,classification_error,SEMANTIC SEGMENTATION,1,2021 1
1272,2021,large_and_more_diverse_dataset,IOT TOOL,2,2021 2
1273,2021,discord_server,BLOG POST,6,2021 6
1274,2021,credit_history,SOFTWARE ENGINEER,4,2021 4
1275,2021,choice,HYBRID MODEL,5,2021 5
1276,2021,road_sign,AUTONOMOUS VEHICLE,9,2021 9
1277,2021,amazon_alexa,BLOG POST,6,2021 6
1278,2021,author_opinion,CHALLENGE,8,2021 8
1279,2021,not_investment_advice,SHOPPING MALL,0,2021 0
1280,2021,detection_pipeline,IOT TOOL,2,2021 2
1281,2021,fine_tuning,HYBRID MODEL,5,2021 5
1282,2021,binary_language,IOT TOOL,2,2021 2
1283,2021,follow_command,IOT TOOL,2,2021 2
1284,2021,above_video,BLOG POST,6,2021 6
1285,2021,our_telegram_group,DISTRIBUTION SHIFT,7,2021 7
1286,2021,computer_vision_system,IOT TOOL,2,2021 2
1287,2021,low_shot,IOT TOOL,2,2021 2
1288,2021,dark_skinned_person,SHOPPING MALL,0,2021 0
1289,2021,computational_cost,HYBRID MODEL,5,2021 5
1290,2021,mobile_robot,SEMANTIC SEGMENTATION,1,2021 1
1291,2021,disabled_child,SHOPPING MALL,0,2021 0
1292,2021,significant_shift,SHOPPING MALL,0,2021 0
1293,2021,connectivity_pattern,DISTRIBUTION SHIFT,7,2021 7
1294,2021,low_layer,HYBRID MODEL,5,2021 5
1295,2021,popular_newsletter,SOFTWARE ENGINEER,4,2021 4
1296,2021,common_image_corruption,SHOPPING MALL,0,2021 0
1297,2021,passionate_developer,SOFTWARE ENGINEER,4,2021 4
1298,2021,outstanding_result,SHOPPING MALL,0,2021 0
1299,2021,beginner_guide,SOFTWARE ENGINEER,4,2021 4
1300,2021,correct_label,SEMANTIC SEGMENTATION,1,2021 1
1301,2021,aircraft_engine,HYBRID MODEL,5,2021 5
1302,2021,specific_illness,SHOPPING MALL,0,2021 0
1303,2021,weekly_ai_update,SHOPPING MALL,0,2021 0
1304,2021,code_and_pretrained_model,IOT TOOL,2,2021 2
1305,2021,generative_adversarial_network,SEMANTIC SEGMENTATION,1,2021 1
1306,2021,facebook_team,BLOG POST,6,2021 6
1307,2021,related_asset,IOT TOOL,2,2021 2
1308,2021,inductive_bias,SEMANTIC SEGMENTATION,1,2021 1
1309,2021,self_supervise_learning,SEMANTIC SEGMENTATION,1,2021 1
1310,2021,only_drawback,HYBRID MODEL,5,2021 5
1311,2021,satisfactory_level,HYBRID MODEL,5,2021 5
1312,2021,tech_firm,BLOG POST,6,2021 6
1313,2021,semantic_segmentation,SEMANTIC SEGMENTATION,1,2021 1
1314,2021,feature_map,SEMANTIC SEGMENTATION,1,2021 1
1315,2021,digital_payment_platform,SOFTWARE ENGINEER,4,2021 4
1316,2021,plant_disease,SHOPPING MALL,0,2021 0
1317,2021,optimistic_note,CHALLENGE,8,2021 8
1318,2021,transformer_architecture,SEMANTIC SEGMENTATION,1,2021 1
1319,2021,email_sign,IOT TOOL,2,2021 2
1320,2021,single_picture,SEMANTIC SEGMENTATION,1,2021 1
1321,2021,quebec_city,SHOPPING MALL,0,2021 0
1322,2021,3d_insight,SHOPPING MALL,0,2021 0
1323,2021,random_group,DISTRIBUTION SHIFT,7,2021 7
1324,2021,empirical_study,CHALLENGE,8,2021 8
1325,2021,primary_visual_cortex,DISTRIBUTION SHIFT,7,2021 7
1326,2021,black_friend,SHOPPING MALL,0,2021 0
1327,2021,negative_sample,SEMANTIC SEGMENTATION,1,2021 1
1328,2021,long_cycle,CHALLENGE,8,2021 8
1329,2021,bounding_box,SEMANTIC SEGMENTATION,1,2021 1
1330,2021,loss_function,HYBRID MODEL,5,2021 5
1331,2021,introductory_course,SOFTWARE ENGINEER,4,2021 4
1332,2021,region_base_algorithm,SEMANTIC SEGMENTATION,1,2021 1
1333,2021,acne_treatment,SHOPPING MALL,0,2021 0
1334,2021,below_table,SHOPPING MALL,0,2021 0
1335,2021,street_scene,SEMANTIC SEGMENTATION,1,2021 1
1336,2021,visual_input,DISTRIBUTION SHIFT,7,2021 7
1337,2021,online_clustering,SEMANTIC SEGMENTATION,1,2021 1
1338,2021,apple_siri,BLOG POST,6,2021 6
1339,2021,quiet_revolution,CHALLENGE,8,2021 8
1340,2021,statistical_inference,HYBRID MODEL,5,2021 5
1341,2021,active_control,HYBRID MODEL,5,2021 5
1342,2021,prediction_unit,SEMANTIC SEGMENTATION,1,2021 1
1343,2021,oculus_headset,BLOG POST,6,2021 6
1344,2021,maximum_precision,HYBRID MODEL,5,2021 5
1345,2021,business_in situation,SOFTWARE ENGINEER,4,2021 4
1346,2021,desire_output,HYBRID MODEL,5,2021 5
1347,2021,mask_r_cnn,SEMANTIC SEGMENTATION,1,2021 1
1348,2021,debug_hardware,IOT TOOL,2,2021 2
1349,2021,pixel_value,SEMANTIC SEGMENTATION,1,2021 1
1350,2021,necessary_prerequisite,CHALLENGE,8,2021 8
1351,2021,related_logo,IOT TOOL,2,2021 2
1352,2021,convolution_operation,SEMANTIC SEGMENTATION,1,2021 1
1353,2021,recent_assessment,SHOPPING MALL,0,2021 0
1354,2021,latent_representation,SEMANTIC SEGMENTATION,1,2021 1
1355,2021,defect_identification,HYBRID MODEL,5,2021 5
1356,2021,racial_and_gender_bias,IOT TOOL,2,2021 2
1357,2021,directional_change,DISTRIBUTION SHIFT,7,2021 7
1358,2021,environmental_sense_platform,SHOPPING MALL,0,2021 0
1359,2021,online_buying_platform,IOT TOOL,2,2021 2
1360,2021,college_party,SHOPPING MALL,0,2021 0
1361,2021,chris_b_nsf,SHOPPING MALL,0,2021 0
1362,2021,extensive_experiment,SEMANTIC SEGMENTATION,1,2021 1
1363,2021,limit_image,IOT TOOL,2,2021 2
1364,2021,linear_classifier,SEMANTIC SEGMENTATION,1,2021 1
1365,2021,microsoft_cortana,BLOG POST,6,2021 6
1366,2021,global_financial_institution,IOT TOOL,2,2021 2
1367,2021,1000_class,IOT TOOL,2,2021 2
1368,2021,helper_function,SHOPPING MALL,0,2021 0
1369,2021,google_colab_notebook,SHOPPING MALL,0,2021 0
1370,2021,weighted_sum,HYBRID MODEL,5,2021 5
1371,2021,credit_card_theft,SOFTWARE ENGINEER,4,2021 4
1372,2021,top_1_accuracy,SEMANTIC SEGMENTATION,1,2021 1
1373,2021,knowledge_distillation,SEMANTIC SEGMENTATION,1,2021 1
1374,2021,feather_boa,IOT TOOL,2,2021 2
1375,2021,issue,SHOPPING MALL,0,2021 0
1376,2021,porn_actress,SHOPPING MALL,0,2021 0
1377,2021,probability_score,SEMANTIC SEGMENTATION,1,2021 1
1378,2021,tensorflow_hub,SHOPPING MALL,0,2021 0
1379,2021,complicated_endeavor,SOFTWARE ENGINEER,4,2021 4
1380,2021,ad_solution,IOT TOOL,2,2021 2
1381,2021,final_demise,SHOPPING MALL,0,2021 0
1382,2021,domain_adaptation,SEMANTIC SEGMENTATION,1,2021 1
1383,2021,ms_coco_dataset,SEMANTIC SEGMENTATION,1,2021 1
1384,2021,mr._boulanger,IOT TOOL,2,2021 2
1385,2021,github,SHOPPING MALL,0,2021 0
1386,2021,geo_mapping,SHOPPING MALL,0,2021 0
1387,2021,residual_connection,SEMANTIC SEGMENTATION,1,2021 1
1388,2021,lifelong_desire,SHOPPING MALL,0,2021 0
1389,2021,equivalent_outcome,SHOPPING MALL,0,2021 0
1390,2021,pure_sound,DISTRIBUTION SHIFT,7,2021 7
1391,2021,google_deepmind,IOT TOOL,2,2021 2
1392,2021,distribution_shift,DISTRIBUTION SHIFT,7,2021 7
1393,2021,import_tensorflow,SHOPPING MALL,0,2021 0
1394,2021,naked_child,SHOPPING MALL,0,2021 0
1395,2021,mit_ibm_watson_ai_lab,IOT TOOL,2,2021 2
1396,2021,rape_suspect,SHOPPING MALL,0,2021 0
1397,2021,partial_occlusion,SEMANTIC SEGMENTATION,1,2021 1
1398,2021,sota_result,SHOPPING MALL,0,2021 0
1399,2021,andrej_karpathy,IOT TOOL,2,2021 2
1400,2021,self_supervise_learning_model,SHOPPING MALL,0,2021 0
1401,2021,crucial_development,SHOPPING MALL,0,2021 0
1402,2021,a.i._platform,IOT TOOL,2,2021 2
1403,2021,3d_perception_software,SHOPPING MALL,0,2021 0
1404,2021,limited_processing_capacity,DISTRIBUTION SHIFT,7,2021 7
1405,2021,height_width,DISTRIBUTION SHIFT,7,2021 7
1406,2021,negative_labeling,SHOPPING MALL,0,2021 0
1407,2021,consumer_money_transfer,SHOPPING MALL,0,2021 0
1408,2021,individual_reader,DISTRIBUTION SHIFT,7,2021 7
1409,2021,double_blind_review,DISTRIBUTION SHIFT,7,2021 7
1410,2021,mechanical_turk_worker,IOT TOOL,2,2021 2
1411,2021,3_d_modeling,HYBRID MODEL,5,2021 5
1412,2021,countless_other_task,IOT TOOL,2,2021 2
1413,2021,follow_character,DISTRIBUTION SHIFT,7,2021 7
1414,2021,communication_impairment,SHOPPING MALL,0,2021 0
1415,2021,interactive_plan,IOT TOOL,2,2021 2
1416,2021,company_late_prototype,IOT TOOL,2,2021 2
1417,2021,gender_shades_project,SHOPPING MALL,0,2021 0
1418,2021,data_annotation_service,SHOPPING MALL,0,2021 0
1419,2021,five_possibility,SHOPPING MALL,0,2021 0
1420,2021,high_traffic_region,IOT TOOL,2,2021 2
1421,2021,map_camera,SHOPPING MALL,0,2021 0
1422,2021,unlabele_image,SEMANTIC SEGMENTATION,1,2021 1
1423,2021,environmental_sense_solution,SHOPPING MALL,0,2021 0
1424,2021,cloud_base_image_processing,SHOPPING MALL,0,2021 0
1425,2021,"50,000_training_image",SHOPPING MALL,0,2021 0
1426,2021,document_categorization,SEMANTIC SEGMENTATION,1,2021 1
1427,2021,popular_imagenet_dataset,SHOPPING MALL,0,2021 0
1428,2021,remarkable_concordance,SHOPPING MALL,0,2021 0
1429,2021,155_fps,SHOPPING MALL,0,2021 0
1430,2021,"nearly_2,000_image",IOT TOOL,2,2021 2
1431,2021,rapid_unplanned_disassembly,SHOPPING MALL,0,2021 0
1432,2021,deep_learning_trend,SHOPPING MALL,0,2021 0
1433,2021,numerical_optimization,HYBRID MODEL,5,2021 5
1434,2021,respective_letter,DISTRIBUTION SHIFT,7,2021 7
1435,2021,fashion_mnist,SEMANTIC SEGMENTATION,1,2021 1
1436,2021,broad_adoption,SHOPPING MALL,0,2021 0
1437,2021,inception_network,SEMANTIC SEGMENTATION,1,2021 1
1438,2021,blurring_face,SHOPPING MALL,0,2021 0
1439,2021,self_supervised,SHOPPING MALL,0,2021 0
1440,2021,class_token,SHOPPING MALL,0,2021 0
1441,2021,crowd_surveillance,IOT TOOL,2,2021 2
1442,2021,kernel_weight,DISTRIBUTION SHIFT,7,2021 7
1443,2021,professional_annotator,IOT TOOL,2,2021 2
1444,2021,detection_lock,SHOPPING MALL,0,2021 0
1445,2021,human_incorporation,SHOPPING MALL,0,2021 0
1446,2021,seer_model,SHOPPING MALL,0,2021 0
1447,2021,small_news_agency,SHOPPING MALL,0,2021 0
1448,2021,10_scene_category,SHOPPING MALL,0,2021 0
1449,2021,mobile_or_embed_device,IOT TOOL,2,2021 2
1450,2021,detect_developmental_delay,SHOPPING MALL,0,2021 0
1451,2021,"10,000_test_image",SHOPPING MALL,0,2021 0
1452,2021,human_intervention,SHOPPING MALL,0,2021 0
1453,2021,300_million_image,SHOPPING MALL,0,2021 0
1454,2021,14_million_image,SHOPPING MALL,0,2021 0
1455,2021,high_end_attribute,IOT TOOL,2,2021 2
1456,2021,considerable_series,SHOPPING MALL,0,2021 0
1457,2021,self_drive_environment,SHOPPING MALL,0,2021 0
1458,2021,imagenet_category,SHOPPING MALL,0,2021 0
1459,2021,optical_elements,SHOPPING MALL,0,2021 0
1460,2021,imagenet_benchmark_dataset,SHOPPING MALL,0,2021 0
1461,2021,bayesian_equivalent,IOT TOOL,2,2021 2
1462,2021,complementary_flow,IOT TOOL,2,2021 2
1463,2021,real_time_traffic_congestion,IOT TOOL,2,2021 2
1464,2021,autistic_child,SHOPPING MALL,0,2021 0
